<?xml version="1.0" ?>
<manifest identifier="kU0YtReViVjEQGgZJu7p-BsjUNK2AkZNSjaNb-9Y" version="1"
  xmlns="http://www.imsproject.org/xsd/imscp_rootv1p1p2"
  xmlns:adlcp="http://www.adlnet.org/xsd/adlcp_rootv1p2"
  xmlns:xsi="http://www.w3.org/2001/XMLSchema-instance"
  xsi:schemaLocation="http://www.imsproject.org/xsd/imscp_rootv1p1p2 imscp_rootv1p1p2.xsd
                      http://www.adlnet.org/xsd/adlcp_rootv1p2 adlcp_rootv1p2.xsd">
  <metadata>
    <schema>ADL SCORM</schema>
    <schemaversion>1.2</schemaversion>
    <adlcp:location>metadata.xml</adlcp:location>
  </metadata>
  <organizations default="articulate_rise">
      <organization identifier="articulate_rise">
      <title>First Year Student Community Course</title>
      <item identifier="i1" identifierref="r1" isvisible="true">
        <title>First Year Student Community Course</title>
        <adlcp:datafromlms>eyJjcHYiOiJTamFOYi05WSIsInJsZCI6ZmFsc2V9</adlcp:datafromlms>
      </item>
    </organization>
  </organizations>
  <resources>
    <resource identifier="r1" type="webcontent" adlcp:scormtype="sco" href="scormdriver/indexAPI.html">
      <!-- SCORMDRIVER STUFF -->
      <file href="scormdriver/indexAPI.html" />
      <file href="scormdriver/preloadIntegrity.js" />
      <file href="scormdriver/driverOptions.js" />
      <file href="scormdriver/AICCComm.html" />
      <file href="scormdriver/auto-scripts/AutoBookmark.js" />
      <file href="scormdriver/auto-scripts/AutoCompleteSCO.js" />
      <file href="scormdriver/auto-scripts/CourseExit.js" />
      <file href="scormdriver/blank.html" />
      <file href="scormdriver/goodbye.html" />
      <file href="scormdriver/scormdriver.js" />
      <file href="scormdriver/browsersniff.js" />

      <!-- RUNTIME COMMON STUFF -->
      <file href="scormcontent/index.html" />

      
        <file href="scormcontent/lib/fonts/icomoon.ttf"/>
        <file href="scormcontent/lib/fonts/icomoon.woff"/>

        <file href="scormcontent/lib/icomoon.css"/>
        <file href="scormcontent/lib/player-0.0.11.min.js"/>
        <file href="scormcontent/lib/lzwcompress.js"/>
      

      <!-- FRONTEND BUNDLE ASSETS -->
      <file href="scormcontent/lib/rise/60632d6c.js" />
<file href="scormcontent/lib/rise/11732e6a.css" />
<file href="scormcontent/lib/rise/a8d5b75c.js" />
<file href="scormcontent/lib/rise/44f464de.css" />
<file href="scormcontent/lib/rise/d6acb772.js" />
<file href="scormcontent/lib/rise/eb9bd09f.js" />
<file href="scormcontent/lib/rise/20be7de8.js" />


      <!-- RUNTIME CONTENT STUFF -->
      <file href="scormcontent/lib/fonts/Lato-Black.woff" />
<file href="scormcontent/lib/fonts/Lato-Italic.woff" />
<file href="scormcontent/lib/fonts/Lato-Bold.woff" />
<file href="scormcontent/lib/fonts/Lato-Regular.woff" />
<file href="scormcontent/lib/fonts/Lato-Light.woff" />
<file href="scormcontent/lib/fonts/Merriweather-Black.woff" />
<file href="scormcontent/lib/fonts/Merriweather-Italic.woff" />
<file href="scormcontent/lib/fonts/Merriweather-Bold.woff" />
<file href="scormcontent/lib/fonts/Merriweather-Regular.woff" />
<file href="scormcontent/lib/fonts/Merriweather-Light.woff" />
<file href="scormcontent/assets/QYdwFPTk0oAQ1Pg9_small.png" />
<file href="scormcontent/assets/xLg5agT75iP0L61c_NLojYpV5ym8vVrRm.jpg" />
<file href="scormcontent/assets/W3q-YbgjOTNvx-Ku_7choZaXfnK-GvZ8J.jpg" />
<file href="scormcontent/assets/IWdrG1qFfGHkFBpt_ocZbYM4GHJB1L5Gy.jpg" />
<file href="scormcontent/assets/8HCsCR_lOBmD7A46_Dm85IPh3wcc_TwhQ.jpg" />
<file href="scormcontent/assets/8mR1zdRZ_BsXQ7iX_8k4H-wgP4FCPVkhU.jpg" />
<file href="scormcontent/assets/HUA5O-K3QIbdv6Gf_9iDPtmI5bgxcJLKj.jpg" />
<file href="scormcontent/assets/XN9t082lawywkI4v_MRzS2RB0eYa-grfW.jpg" />
<file href="scormcontent/assets/tAm6xYsfOaDsIsGF_11_misc.jpg" />
<file href="scormcontent/assets/LMuvrX_3bGuhxc6A_11_misc.jpg" />
<file href="scormcontent/assets/rAx6MeVZu_SKGslf_example-header-image.jpg" />

    </resource>
  </resources>
</manifest>
