<?xml version="1.0" ?>
<manifest identifier="yroqrBarGx7tDWWnW3riRST1YSGHd6Tfi0f8tUsa" version="1"
  xmlns="http://www.imsproject.org/xsd/imscp_rootv1p1p2"
  xmlns:adlcp="http://www.adlnet.org/xsd/adlcp_rootv1p2"
  xmlns:xsi="http://www.w3.org/2001/XMLSchema-instance"
  xsi:schemaLocation="http://www.imsproject.org/xsd/imscp_rootv1p1p2 imscp_rootv1p1p2.xsd
                      http://www.adlnet.org/xsd/adlcp_rootv1p2 adlcp_rootv1p2.xsd">
  <metadata>
    <schema>ADL SCORM</schema>
    <schemaversion>1.2</schemaversion>
    <adlcp:location>metadata.xml</adlcp:location> 
  </metadata>
  <organizations default="articulate_rise">
      <organization identifier="articulate_rise">
      <title>How to Thrive in Arizona’s Extreme Weather</title>
      <item identifier="i1" identifierref="r1" isvisible="true">
        <title>How to Thrive in Arizona’s Extreme Weather</title>
        <adlcp:datafromlms>eyJjcHYiOiJpMGY4dFVzYSIsInJsZCI6ZmFsc2V9</adlcp:datafromlms>
      </item>
    </organization>
  </organizations>
  <resources>
    <resource identifier="r1" type="webcontent" adlcp:scormtype="sco" href="scormdriver/indexAPI.html">
      <!-- SCORMDRIVER STUFF -->
      <file href="scormdriver/indexAPI.html" />
      <file href="scormdriver/preloadIntegrity.js" />
      <file href="scormdriver/driverOptions.js" />
      <file href="scormdriver/AICCComm.html" />
      <file href="scormdriver/auto-scripts/AutoBookmark.js" />
      <file href="scormdriver/auto-scripts/AutoCompleteSCO.js" />
      <file href="scormdriver/auto-scripts/CourseExit.js" />
      <file href="scormdriver/blank.html" />
      <file href="scormdriver/goodbye.html" />
      <file href="scormdriver/scormdriver.js" />
      <file href="scormdriver/browsersniff.js" />

      <!-- RUNTIME COMMON STUFF -->
      <file href="scormcontent/index.html" />

      
        <file href="scormcontent/lib/fonts/icomoon.ttf"/>
        <file href="scormcontent/lib/fonts/icomoon.woff"/>

        <file href="scormcontent/lib/icomoon.css"/>
        <file href="scormcontent/lib/player-0.0.11.min.js"/>
        <file href="scormcontent/lib/lzwcompress.js"/>
      

      <!-- FRONTEND BUNDLE ASSETS -->
      <file href="scormcontent/lib/rise/1ab5b3df.js" />
<file href="scormcontent/lib/rise/02ed395c.css" />
<file href="scormcontent/lib/rise/b73d7a70.js" />
<file href="scormcontent/lib/rise/b91dc085.css" />
<file href="scormcontent/lib/rise/42f0485a.js" />
<file href="scormcontent/lib/rise/1b74cfd9.js" />
<file href="scormcontent/lib/rise/4d603ead.js" />
<file href="scormcontent/lib/rise/3f919d6e.js" />
<file href="scormcontent/lib/rise/535e0ddc.js" />
<file href="scormcontent/lib/rise/8ad67379.js" />
<file href="scormcontent/lib/rise/1d871177.js" />
<file href="scormcontent/lib/mondrian/entry.js" />
<file href="scormcontent/lib/mondrian/dd7452c4.js" />
<file href="scormcontent/lib/mondrian/953ebc13.js" />
<file href="scormcontent/lib/mondrian/215fe725.js" />
<file href="scormcontent/lib/mondrian/c16e7dd3.js" />
<file href="scormcontent/lib/mondrian/daeabcf0.js" />
<file href="scormcontent/lib/mondrian/547e2986.js" />
<file href="scormcontent/lib/mondrian/5ebb90af.js" />
<file href="scormcontent/lib/mondrian/825dd797.js" />
<file href="scormcontent/lib/mondrian/beccd965.js" />
<file href="scormcontent/lib/mondrian/56ae9b9c.js" />
<file href="scormcontent/lib/sandbox/sandbox.html" />
<file href="scormcontent/lib/sandbox/b8fc6988.js" />
<file href="scormcontent/lib/sandbox/4adfab46.css" />


      <!-- RUNTIME CONTENT STUFF -->
      <file href="scormcontent/lib/fonts/Lato2-Regular.woff" />
<file href="scormcontent/lib/fonts/Lato2-Light.woff" />
<file href="scormcontent/lib/fonts/Lato2-Italic.woff" />
<file href="scormcontent/lib/fonts/Lato2-Bold.woff" />
<file href="scormcontent/lib/fonts/Lato2-Black.woff" />
<file href="scormcontent/lib/fonts/Merriweather-Black.woff" />
<file href="scormcontent/lib/fonts/Merriweather-Italic.woff" />
<file href="scormcontent/lib/fonts/Merriweather-Bold.woff" />
<file href="scormcontent/lib/fonts/Merriweather-Regular.woff" />
<file href="scormcontent/lib/fonts/Merriweather-Light.woff" />
<file href="scormcontent/assets/small.png" />
<file href="scormcontent/assets/22_misc.jpg" />
<file href="scormcontent/assets/average-temperature-united-states-of-america-phoenix.png" />
<file href="scormcontent/assets/o21K2n/mountains.jpg" />
<file href="scormcontent/assets/Arizona-Winter-Weather.jpg" />

      <file href="scormcontent/locales/und.js" />

    </resource>
  </resources>
</manifest>
