<?xml version="1.0" ?>
<manifest identifier="q72PEmL1NQFfbQGT0YR6M6B_6ylHkP-tDozQndER" version="1"
  xmlns="http://www.imsproject.org/xsd/imscp_rootv1p1p2"
  xmlns:adlcp="http://www.adlnet.org/xsd/adlcp_rootv1p2"
  xmlns:xsi="http://www.w3.org/2001/XMLSchema-instance"
  xsi:schemaLocation="http://www.imsproject.org/xsd/imscp_rootv1p1p2 imscp_rootv1p1p2.xsd
                      http://www.adlnet.org/xsd/adlcp_rootv1p2 adlcp_rootv1p2.xsd">
  <metadata>
    <schema>ADL SCORM</schema>
    <schemaversion>1.2</schemaversion>
    <adlcp:location>metadata.xml</adlcp:location>
  </metadata>
  <organizations default="articulate_rise">
      <organization identifier="articulate_rise">
      <title>Before You Arrive Course Spring 2024</title>
      <item identifier="i1" identifierref="r1" isvisible="true">
        <title>Before You Arrive Course Spring 2024</title>
        <adlcp:datafromlms>eyJjcHYiOiJEb3pRbmRFUiIsInJsZCI6ZmFsc2V9</adlcp:datafromlms>
      </item>
    </organization>
  </organizations>
  <resources>
    <resource identifier="r1" type="webcontent" adlcp:scormtype="sco" href="scormdriver/indexAPI.html">
      <!-- SCORMDRIVER STUFF -->
      <file href="scormdriver/indexAPI.html" />
      <file href="scormdriver/preloadIntegrity.js" />
      <file href="scormdriver/driverOptions.js" />
      <file href="scormdriver/AICCComm.html" />
      <file href="scormdriver/auto-scripts/AutoBookmark.js" />
      <file href="scormdriver/auto-scripts/AutoCompleteSCO.js" />
      <file href="scormdriver/auto-scripts/CourseExit.js" />
      <file href="scormdriver/blank.html" />
      <file href="scormdriver/goodbye.html" />
      <file href="scormdriver/scormdriver.js" />
      <file href="scormdriver/browsersniff.js" />

      <!-- RUNTIME COMMON STUFF -->
      <file href="scormcontent/index.html" />

      
        <file href="scormcontent/lib/fonts/icomoon.ttf"/>
        <file href="scormcontent/lib/fonts/icomoon.woff"/>

        <file href="scormcontent/lib/icomoon.css"/>
        <file href="scormcontent/lib/player-0.0.11.min.js"/>
        <file href="scormcontent/lib/lzwcompress.js"/>
      

      <!-- FRONTEND BUNDLE ASSETS -->
      <file href="scormcontent/lib/rise/79fd41f4.js" />
<file href="scormcontent/lib/rise/11732e6a.css" />
<file href="scormcontent/lib/rise/d7770ee9.js" />
<file href="scormcontent/lib/rise/4cef5863.css" />
<file href="scormcontent/lib/rise/4a3380b6.js" />
<file href="scormcontent/lib/rise/eb9bd09f.js" />
<file href="scormcontent/lib/rise/20be7de8.js" />
<file href="scormcontent/lib/mondrian/entry.js" />
<file href="scormcontent/lib/mondrian/b6873211.js" />
<file href="scormcontent/lib/mondrian/0e859ef5.js" />
<file href="scormcontent/lib/mondrian/7b2a258a.js" />
<file href="scormcontent/lib/mondrian/18ae508c.js" />
<file href="scormcontent/lib/mondrian/3e40eb79.js" />
<file href="scormcontent/lib/mondrian/cdf9a293.js" />
<file href="scormcontent/lib/mondrian/3f9ba7c0.js" />
<file href="scormcontent/lib/mondrian/07d24945.js" />


      <!-- RUNTIME CONTENT STUFF -->
      <file href="scormcontent/lib/fonts/Lato-Black.woff" />
<file href="scormcontent/lib/fonts/Lato-Italic.woff" />
<file href="scormcontent/lib/fonts/Lato-Bold.woff" />
<file href="scormcontent/lib/fonts/Lato-Regular.woff" />
<file href="scormcontent/lib/fonts/Lato-Light.woff" />
<file href="scormcontent/lib/fonts/Merriweather-Black.woff" />
<file href="scormcontent/lib/fonts/Merriweather-Italic.woff" />
<file href="scormcontent/lib/fonts/Merriweather-Bold.woff" />
<file href="scormcontent/lib/fonts/Merriweather-Regular.woff" />
<file href="scormcontent/lib/fonts/Merriweather-Light.woff" />
<file href="scormcontent/assets/K4tqTDbfKbciEBqk_small.png" />
<file href="scormcontent/assets/dzfMow/220609%20ASU%20Alumni%20Lifestyle%20%E2%80%93%20ASU%20Online%20%E2%80%93%20Yvonne%20Membrila%2037536%20%E2%80%93%20BS.png" />
<file href="scormcontent/assets/vgFFU5AQprkZFLw__b9et40ONugWVqZvK.jpg" />
<file href="scormcontent/assets/XsgSvk/Checklist.pdf" />
<file href="scormcontent/assets/hRQtYYKp14WLw1xa_transcoded-ruiU7csYBOfuysZx-Immigration-00001.png" />
<file href="scormcontent/assets/pZcc1JZZD4tOreCO_transcoded-ruiU7csYBOfuysZx-Immigration.mp4" />
<file href="scormcontent/assets/8iYF8ddSI4btg6UF_G-DC0p0GXSY4T6eB.jpg" />
<file href="scormcontent/assets/mgcH_eHFYB1j_kKr_transcoded-eXLb42viaAk9dOF8-MY_2520ASU_2520-_2520Background-00001.png" />
<file href="scormcontent/assets/O4Plp3ZZ8dpVTh5Y_transcoded-eXLb42viaAk9dOF8-MY_2520ASU_2520-_2520Background.mp4" />
<file href="scormcontent/assets/XSDPbxrMR67XcG0S_transcoded-bp-N6uDQE_6JgJAO-MyASU_2520-_2520My_2520Classes-00001.png" />
<file href="scormcontent/assets/Mm5dYVveqZZ9mCZz_transcoded-bp-N6uDQE_6JgJAO-MyASU_2520-_2520My_2520Classes.mp4" />
<file href="scormcontent/assets/XZkwgMqKOmz3CGBC_transcoded-zA40eFLbnGczO5vu-MyASU_2520-_2520My_2520Profile_2520%281%29-00001.png" />
<file href="scormcontent/assets/A7Jav-6mObeh2J9P_transcoded-zA40eFLbnGczO5vu-MyASU_2520-_2520My_2520Profile_2520%281%29.mp4" />
<file href="scormcontent/assets/h8Fd0AncBx_2xuQm_transcoded-XERqsReMEY4rYwWv-My_2520ASU_2520-_2520Campus_2520Resource-00001.png" />
<file href="scormcontent/assets/KQDPy4NE_NCdF0Nx_transcoded-XERqsReMEY4rYwWv-My_2520ASU_2520-_2520Campus_2520Resource.mp4" />
<file href="scormcontent/assets/ue8VIsdrWdL6xRJw_transcoded-S0Dqh59MerzcKjer-MyASU_2520-_2520Finance_2520Tab-00001.png" />
<file href="scormcontent/assets/KIRb1KxEJR3NnKgd_transcoded-S0Dqh59MerzcKjer-MyASU_2520-_2520Finance_2520Tab.mp4" />
<file href="scormcontent/assets/Cm2VQ_desYd3C0EG_aXehn9umiR37s7_8.jpg" />
<file href="scormcontent/assets/UjQwQ-T_8Njn5_qD_transcoded-zjPHWtic-GI9tXAO-Canvas_2520Course_2520-_2520Accessibility-00001.png" />
<file href="scormcontent/assets/qbJBdcsBQ9VVjxOD_transcoded-zjPHWtic-GI9tXAO-Canvas_2520Course_2520-_2520Accessibility.mp4" />
<file href="scormcontent/assets/vkTS2ByD0prIKt66_transcoded-F3yRu-W9gID0RY4n-Canvas_2520Course_2520-_2520Module-00001.png" />
<file href="scormcontent/assets/x_NYz0mrdqfBCC_W_transcoded-F3yRu-W9gID0RY4n-Canvas_2520Course_2520-_2520Module.mp4" />
<file href="scormcontent/assets/0BtOZ6_pvSXZdSww_transcoded-xTwTckrBXOBKkzdl-Canvas_2520Course_2520-_2520Help_2520Button-00001.png" />
<file href="scormcontent/assets/p_m7P5GMTmIpf1i1_transcoded-xTwTckrBXOBKkzdl-Canvas_2520Course_2520-_2520Help_2520Button.mp4" />
<file href="scormcontent/assets/AWHP0F-pYwsUXtcw_transcoded-jxnUmzxtf1dXUVy_-Canvas_2520Course_2520-_2520Calender-00001.png" />
<file href="scormcontent/assets/i9d9orsrDdEJZE4__transcoded-jxnUmzxtf1dXUVy_-Canvas_2520Course_2520-_2520Calender.mp4" />
<file href="scormcontent/assets/X2aUHpL6QKwCadY9_mountains.jpg" />
<file href="scormcontent/assets/skoO-S1zFveTd0wt_QH140Mu_xlSMoHhW.jpg" />

      <file href="scormcontent/locales/und.js" />

    </resource>
  </resources>
</manifest>
