<?xml version="1.0" ?>
<manifest identifier="AOVId5e-DD919ABvI4frNZj4rlvIsujsNF2R71hv" version="1"
  xmlns="http://www.imsproject.org/xsd/imscp_rootv1p1p2"
  xmlns:adlcp="http://www.adlnet.org/xsd/adlcp_rootv1p2"
  xmlns:xsi="http://www.w3.org/2001/XMLSchema-instance"
  xsi:schemaLocation="http://www.imsproject.org/xsd/imscp_rootv1p1p2 imscp_rootv1p1p2.xsd
                      http://www.adlnet.org/xsd/adlcp_rootv1p2 adlcp_rootv1p2.xsd">
  <metadata>
    <schema>ADL SCORM</schema>
    <schemaversion>1.2</schemaversion>
    <adlcp:location>metadata.xml</adlcp:location>
  </metadata>
  <organizations default="articulate_rise">
      <organization identifier="articulate_rise">
      <title>First-Year Pre-Orientation Course</title>
      <item identifier="i1" identifierref="r1" isvisible="true">
        <title>First-Year Pre-Orientation Course</title>
        <adlcp:datafromlms>eyJjcHYiOiJORjJSNzFodiIsInJsZCI6ZmFsc2V9</adlcp:datafromlms>
      </item>
    </organization>
  </organizations>
  <resources>
    <resource identifier="r1" type="webcontent" adlcp:scormtype="sco" href="scormdriver/indexAPI.html">
      <!-- SCORMDRIVER STUFF -->
      <file href="scormdriver/indexAPI.html" />
      <file href="scormdriver/preloadIntegrity.js" />
      <file href="scormdriver/driverOptions.js" />
      <file href="scormdriver/AICCComm.html" />
      <file href="scormdriver/auto-scripts/AutoBookmark.js" />
      <file href="scormdriver/auto-scripts/AutoCompleteSCO.js" />
      <file href="scormdriver/auto-scripts/CourseExit.js" />
      <file href="scormdriver/blank.html" />
      <file href="scormdriver/goodbye.html" />
      <file href="scormdriver/scormdriver.js" />
      <file href="scormdriver/browsersniff.js" />

      <!-- RUNTIME COMMON STUFF -->
      <file href="scormcontent/index.html" />

      
        <file href="scormcontent/lib/fonts/icomoon.ttf"/>
        <file href="scormcontent/lib/fonts/icomoon.woff"/>

        <file href="scormcontent/lib/icomoon.css"/>
        <file href="scormcontent/lib/player-0.0.11.min.js"/>
        <file href="scormcontent/lib/lzwcompress.js"/>
      

      <!-- FRONTEND BUNDLE ASSETS -->
      <file href="scormcontent/lib/rise/be71ce79.js" />
<file href="scormcontent/lib/rise/11732e6a.css" />
<file href="scormcontent/lib/rise/a8d5b75c.js" />
<file href="scormcontent/lib/rise/639dd268.css" />
<file href="scormcontent/lib/rise/1f2984ba.js" />
<file href="scormcontent/lib/rise/eb9bd09f.js" />
<file href="scormcontent/lib/rise/20be7de8.js" />


      <!-- RUNTIME CONTENT STUFF -->
      <file href="scormcontent/lib/fonts/Lato-Black.woff" />
<file href="scormcontent/lib/fonts/Lato-Italic.woff" />
<file href="scormcontent/lib/fonts/Lato-Bold.woff" />
<file href="scormcontent/lib/fonts/Lato-Regular.woff" />
<file href="scormcontent/lib/fonts/Lato-Light.woff" />
<file href="scormcontent/lib/fonts/Merriweather-Black.woff" />
<file href="scormcontent/lib/fonts/Merriweather-Italic.woff" />
<file href="scormcontent/lib/fonts/Merriweather-Bold.woff" />
<file href="scormcontent/lib/fonts/Merriweather-Regular.woff" />
<file href="scormcontent/lib/fonts/Merriweather-Light.woff" />
<file href="scormcontent/assets/V6gXitzFK0pOSOYJ_small.png" />
<file href="scormcontent/assets/yNfVC_wCjNJMH0kk_b9et40ONugWVqZvK.jpg" />
<file href="scormcontent/assets/yrm3lcNgWM3Wpf25_G-DC0p0GXSY4T6eB.jpg" />
<file href="scormcontent/assets/sXaJsgfdXnJ_yLY3_transcoded-eXLb42viaAk9dOF8-MY%20ASU%20-%20Background-00001.png" />
<file href="scormcontent/assets/MPRY3NW29P7WtHVy_transcoded-eXLb42viaAk9dOF8-MY%20ASU%20-%20Background.mp4" />
<file href="scormcontent/assets/vT7zsETcXUnxS1p1_transcoded-bp-N6uDQE_6JgJAO-MyASU%20-%20My%20Classes-00001.png" />
<file href="scormcontent/assets/x4wTJ4u4QPtrQ1jI_transcoded-bp-N6uDQE_6JgJAO-MyASU%20-%20My%20Classes.mp4" />
<file href="scormcontent/assets/ttNn_s3flOomE305_transcoded-zA40eFLbnGczO5vu-MyASU%20-%20My%20Profile%20%281%29-00001.png" />
<file href="scormcontent/assets/gK-IrIyHKb4cDh_7_transcoded-zA40eFLbnGczO5vu-MyASU%20-%20My%20Profile%20%281%29.mp4" />
<file href="scormcontent/assets/irgEy3mgSOT7_Aof_transcoded-XERqsReMEY4rYwWv-My%20ASU%20-%20Campus%20Resource-00001.png" />
<file href="scormcontent/assets/l404CujX2o_eNu1c_transcoded-XERqsReMEY4rYwWv-My%20ASU%20-%20Campus%20Resource.mp4" />
<file href="scormcontent/assets/AgcgYZZ_FMqyZc-G_transcoded-S0Dqh59MerzcKjer-MyASU%20-%20Finance%20Tab-00001.png" />
<file href="scormcontent/assets/MvBlGCtPe5IVBUOo_transcoded-S0Dqh59MerzcKjer-MyASU%20-%20Finance%20Tab.mp4" />
<file href="scormcontent/assets/CUrLnLTMLoVipCeD_aXehn9umiR37s7_8.jpg" />
<file href="scormcontent/assets/XkpJXqhccsID4SgW_transcoded-zjPHWtic-GI9tXAO-Canvas%20Course%20-%20Accessibility-00001.png" />
<file href="scormcontent/assets/TEK8KHtcR9ZcwXs1_transcoded-zjPHWtic-GI9tXAO-Canvas%20Course%20-%20Accessibility.mp4" />
<file href="scormcontent/assets/89qOB4wsaoWh-UUT_transcoded-F3yRu-W9gID0RY4n-Canvas%20Course%20-%20Module-00001.png" />
<file href="scormcontent/assets/bel8dx6GGaS9YSFE_transcoded-F3yRu-W9gID0RY4n-Canvas%20Course%20-%20Module.mp4" />
<file href="scormcontent/assets/rJGUI8LTN83jkghv_transcoded-xTwTckrBXOBKkzdl-Canvas%20Course%20-%20Help%20Button-00001.png" />
<file href="scormcontent/assets/9hzfTpZ-mkJYbGjr_transcoded-xTwTckrBXOBKkzdl-Canvas%20Course%20-%20Help%20Button.mp4" />
<file href="scormcontent/assets/vlbr-6W4VwlqrL2L_transcoded-jxnUmzxtf1dXUVy_-Canvas%20Course%20-%20Calender-00001.png" />
<file href="scormcontent/assets/RwA9w20qYDKrjLSU_transcoded-jxnUmzxtf1dXUVy_-Canvas%20Course%20-%20Calender.mp4" />
<file href="scormcontent/assets/eL4u6x1SRhKxdJPZ_mountains.jpg" />
<file href="scormcontent/assets/bBwztYcEmj7uk_TI_tf7iqvesnl1Zi4tt.jpg" />
<file href="scormcontent/assets/YXYCTTiB9O4ZiOu3_YgtlMRMcpGUm_U25.jpg" />
<file href="scormcontent/assets/K7Vjy0o6AWvsyn-Q_3GNX3we3qIewzXvY.jpg" />
<file href="scormcontent/assets/EKHEpI_a6lvwJ1Lu_QH140Mu_xlSMoHhW.jpg" />
<file href="scormcontent/assets/OzVkhFOQY_AQdRL2_aPJJNZCzkZYSt_Pg.jpg" />
<file href="scormcontent/assets/uTNRYVcEsZefqBI0_10_creative.jpg" />
<file href="scormcontent/assets/39gDx8b6dRoGmSEB_example-header-image.jpg" />

    </resource>
  </resources>
</manifest>
