<?xml version="1.0" ?>
<manifest identifier="kU0YtReViVjEQGgZJu7p-BsjUNK2AkZNsVGbJTxv" version="1"
  xmlns="http://www.imsproject.org/xsd/imscp_rootv1p1p2"
  xmlns:adlcp="http://www.adlnet.org/xsd/adlcp_rootv1p2"
  xmlns:xsi="http://www.w3.org/2001/XMLSchema-instance"
  xsi:schemaLocation="http://www.imsproject.org/xsd/imscp_rootv1p1p2 imscp_rootv1p1p2.xsd
                      http://www.adlnet.org/xsd/adlcp_rootv1p2 adlcp_rootv1p2.xsd">
  <metadata>
    <schema>ADL SCORM</schema>
    <schemaversion>1.2</schemaversion>
    <adlcp:location>metadata.xml</adlcp:location>
  </metadata>
  <organizations default="articulate_rise">
      <organization identifier="articulate_rise">
      <title>Student Community Course</title>
      <item identifier="i1" identifierref="r1" isvisible="true">
        <title>Student Community Course</title>
        <adlcp:datafromlms>eyJjcHYiOiJzVkdiSlR4diIsInJsZCI6ZmFsc2V9</adlcp:datafromlms>
      </item>
    </organization>
  </organizations>
  <resources>
    <resource identifier="r1" type="webcontent" adlcp:scormtype="sco" href="scormdriver/indexAPI.html">
      <!-- SCORMDRIVER STUFF -->
      <file href="scormdriver/indexAPI.html" />
      <file href="scormdriver/preloadIntegrity.js" />
      <file href="scormdriver/driverOptions.js" />
      <file href="scormdriver/AICCComm.html" />
      <file href="scormdriver/auto-scripts/AutoBookmark.js" />
      <file href="scormdriver/auto-scripts/AutoCompleteSCO.js" />
      <file href="scormdriver/auto-scripts/CourseExit.js" />
      <file href="scormdriver/blank.html" />
      <file href="scormdriver/goodbye.html" />
      <file href="scormdriver/scormdriver.js" />
      <file href="scormdriver/browsersniff.js" />

      <!-- RUNTIME COMMON STUFF -->
      <file href="scormcontent/index.html" />

      
        <file href="scormcontent/lib/fonts/icomoon.ttf"/>
        <file href="scormcontent/lib/fonts/icomoon.woff"/>

        <file href="scormcontent/lib/icomoon.css"/>
        <file href="scormcontent/lib/player-0.0.11.min.js"/>
        <file href="scormcontent/lib/lzwcompress.js"/>
      

      <!-- FRONTEND BUNDLE ASSETS -->
      <file href="scormcontent/lib/rise/89570f98.js" />
<file href="scormcontent/lib/rise/11732e6a.css" />
<file href="scormcontent/lib/rise/a8d5b75c.js" />
<file href="scormcontent/lib/rise/c5be2646.css" />
<file href="scormcontent/lib/rise/327101f8.js" />
<file href="scormcontent/lib/rise/eb9bd09f.js" />
<file href="scormcontent/lib/rise/20be7de8.js" />


      <!-- RUNTIME CONTENT STUFF -->
      <file href="scormcontent/lib/fonts/Lato-Black.woff" />
<file href="scormcontent/lib/fonts/Lato-Italic.woff" />
<file href="scormcontent/lib/fonts/Lato-Bold.woff" />
<file href="scormcontent/lib/fonts/Lato-Regular.woff" />
<file href="scormcontent/lib/fonts/Lato-Light.woff" />
<file href="scormcontent/lib/fonts/Merriweather-Black.woff" />
<file href="scormcontent/lib/fonts/Merriweather-Italic.woff" />
<file href="scormcontent/lib/fonts/Merriweather-Bold.woff" />
<file href="scormcontent/lib/fonts/Merriweather-Regular.woff" />
<file href="scormcontent/lib/fonts/Merriweather-Light.woff" />
<file href="scormcontent/assets/MzlLR5ZHhRVnvW-9_small.png" />
<file href="scormcontent/assets/vFod2TEnxvaNB_yG_NLojYpV5ym8vVrRm.jpg" />
<file href="scormcontent/assets/nTah7DOP4ScJXeDM_7choZaXfnK-GvZ8J.jpg" />
<file href="scormcontent/assets/PB48s5XsO3hE05Rr_ocZbYM4GHJB1L5Gy.jpg" />
<file href="scormcontent/assets/SJxhwzEg0gByNpHG_Dm85IPh3wcc_TwhQ.jpg" />
<file href="scormcontent/assets/1S1ks2JoZPAZLfOJ_8k4H-wgP4FCPVkhU.jpg" />
<file href="scormcontent/assets/ydk1M9rU5Wt_Q7ta_9iDPtmI5bgxcJLKj.jpg" />
<file href="scormcontent/assets/laAwDTSLyjQTjOht_fTWq8spjsBAxrN74.jpg" />
<file href="scormcontent/assets/g59Xd5VATS2rGnZn_mountains.jpg" />
<file href="scormcontent/assets/NCphiK22BtfIH-Sy_kmRBjyC2dKnpi3lu.jpg" />
<file href="scormcontent/assets/3fn9-osPcBziNnqZ_MkigEWdD20Ryxrm-.jpg" />
<file href="scormcontent/assets/58iBzaQMD4Q4cPFm_Kq9CiIn4Z34RKuIo.jpg" />
<file href="scormcontent/assets/SPN5hI-CMEfUfvd2_ltivNZg5h9JWGxoz.jpg" />
<file href="scormcontent/assets/4OR0sgzz9KgcWUvw_eIuX2fPZ50oMpYyg.jpg" />
<file href="scormcontent/assets/b2ZXCL_j6IBYUJly_Zk8wgKrGg2_qerdB.jpg" />
<file href="scormcontent/assets/j9C60TKI0O3Ws2Nc_B3o9EUY86mSo1Kub.jpg" />
<file href="scormcontent/assets/HecrSmBmTHgFUfdi_g_8aU79xci4a3fnn.jpg" />
<file href="scormcontent/assets/s7OIlakLcmInmI_X_RWOEwt0l-FGTSc5-.jpg" />
<file href="scormcontent/assets/f55YkVZ7WHeaGM92_CZzCRVs--TRQRG-9.jpg" />
<file href="scormcontent/assets/IFjBqFj7P_X25toA_MRzS2RB0eYa-grfW.jpg" />
<file href="scormcontent/assets/zdE1eS2xcNQYKY-I_11_misc.jpg" />
<file href="scormcontent/assets/xKdsfH_AphuIfMCt_11_misc.jpg" />
<file href="scormcontent/assets/DHPf0UhHHVlQMPmu_example-header-image.jpg" />

    </resource>
  </resources>
</manifest>
