<?xml version="1.0" ?>
<manifest identifier="AOVId5e-DD919ABvI4frNZj4rlvIsujsZSRyNMjX" version="1"
  xmlns="http://www.imsproject.org/xsd/imscp_rootv1p1p2"
  xmlns:adlcp="http://www.adlnet.org/xsd/adlcp_rootv1p2"
  xmlns:xsi="http://www.w3.org/2001/XMLSchema-instance"
  xsi:schemaLocation="http://www.imsproject.org/xsd/imscp_rootv1p1p2 imscp_rootv1p1p2.xsd
                      http://www.adlnet.org/xsd/adlcp_rootv1p2 adlcp_rootv1p2.xsd">
  <metadata>
    <schema>ADL SCORM</schema>
    <schemaversion>1.2</schemaversion>
    <adlcp:location>metadata.xml</adlcp:location>
  </metadata>
  <organizations default="articulate_rise">
      <organization identifier="articulate_rise">
      <title>Before You Arrive Course</title>
      <item identifier="i1" identifierref="r1" isvisible="true">
        <title>Before You Arrive Course</title>
        <adlcp:datafromlms>eyJjcHYiOiJaU1J5Tk1qWCIsInJsZCI6ZmFsc2V9</adlcp:datafromlms>
      </item>
    </organization>
  </organizations>
  <resources>
    <resource identifier="r1" type="webcontent" adlcp:scormtype="sco" href="scormdriver/indexAPI.html">
      <!-- SCORMDRIVER STUFF -->
      <file href="scormdriver/indexAPI.html" />
      <file href="scormdriver/preloadIntegrity.js" />
      <file href="scormdriver/driverOptions.js" />
      <file href="scormdriver/AICCComm.html" />
      <file href="scormdriver/auto-scripts/AutoBookmark.js" />
      <file href="scormdriver/auto-scripts/AutoCompleteSCO.js" />
      <file href="scormdriver/auto-scripts/CourseExit.js" />
      <file href="scormdriver/blank.html" />
      <file href="scormdriver/goodbye.html" />
      <file href="scormdriver/scormdriver.js" />
      <file href="scormdriver/browsersniff.js" />

      <!-- RUNTIME COMMON STUFF -->
      <file href="scormcontent/index.html" />

      
        <file href="scormcontent/lib/fonts/icomoon.ttf"/>
        <file href="scormcontent/lib/fonts/icomoon.woff"/>

        <file href="scormcontent/lib/icomoon.css"/>
        <file href="scormcontent/lib/player-0.0.11.min.js"/>
        <file href="scormcontent/lib/lzwcompress.js"/>
      

      <!-- FRONTEND BUNDLE ASSETS -->
      <file href="scormcontent/lib/rise/f2b9240a.js" />
<file href="scormcontent/lib/rise/11732e6a.css" />
<file href="scormcontent/lib/rise/a8d5b75c.js" />
<file href="scormcontent/lib/rise/da55594a.css" />
<file href="scormcontent/lib/rise/b3ef5845.js" />
<file href="scormcontent/lib/rise/eb9bd09f.js" />
<file href="scormcontent/lib/rise/20be7de8.js" />


      <!-- RUNTIME CONTENT STUFF -->
      <file href="scormcontent/lib/fonts/Lato-Black.woff" />
<file href="scormcontent/lib/fonts/Lato-Italic.woff" />
<file href="scormcontent/lib/fonts/Lato-Bold.woff" />
<file href="scormcontent/lib/fonts/Lato-Regular.woff" />
<file href="scormcontent/lib/fonts/Lato-Light.woff" />
<file href="scormcontent/lib/fonts/Merriweather-Black.woff" />
<file href="scormcontent/lib/fonts/Merriweather-Italic.woff" />
<file href="scormcontent/lib/fonts/Merriweather-Bold.woff" />
<file href="scormcontent/lib/fonts/Merriweather-Regular.woff" />
<file href="scormcontent/lib/fonts/Merriweather-Light.woff" />
<file href="scormcontent/assets/EZBny3KTO62JEtCZ_small.png" />
<file href="scormcontent/assets/Z8bbCGvTy7f0Ir0q_b9et40ONugWVqZvK.jpg" />
<file href="scormcontent/assets/ukSsx3NabCeoHST0_KmuVTwPeuuI7RX1t.png" />
<file href="scormcontent/assets/DIZ0oD4F3le_e0ya_vUZMs5mR-n3m3xci.png" />
<file href="scormcontent/assets/AOSbYZ4B6WTNs-35_N0dg2dCsFvg7j5W_.png" />
<file href="scormcontent/assets/GgH51UGLR66OkRcX_WjZ-dHDauZPoHjHU-Checklist.pdf" />
<file href="scormcontent/assets/YRa8sYubXA83u85M_transcoded-ruiU7csYBOfuysZx-Immigration-00001.png" />
<file href="scormcontent/assets/E-e90ptA8IZiuHWE_transcoded-ruiU7csYBOfuysZx-Immigration.mp4" />
<file href="scormcontent/assets/H9H8z23NQI5RbNqv_G-DC0p0GXSY4T6eB.jpg" />
<file href="scormcontent/assets/oBbMYN8c8t7dbfqS_transcoded-eXLb42viaAk9dOF8-MY%20ASU%20-%20Background-00001.png" />
<file href="scormcontent/assets/P2WFbsEQSplRbFXW_transcoded-eXLb42viaAk9dOF8-MY%20ASU%20-%20Background.mp4" />
<file href="scormcontent/assets/BZ6x5FCm7gNHDbop_transcoded-bp-N6uDQE_6JgJAO-MyASU%20-%20My%20Classes-00001.png" />
<file href="scormcontent/assets/qDMn8KQFU0DVTfx7_transcoded-bp-N6uDQE_6JgJAO-MyASU%20-%20My%20Classes.mp4" />
<file href="scormcontent/assets/7GTrGRq4HTAVwwSB_transcoded-zA40eFLbnGczO5vu-MyASU%20-%20My%20Profile%20%281%29-00001.png" />
<file href="scormcontent/assets/No6C02fHGN92i5dQ_transcoded-zA40eFLbnGczO5vu-MyASU%20-%20My%20Profile%20%281%29.mp4" />
<file href="scormcontent/assets/XFbs-elzcajARZ_E_transcoded-XERqsReMEY4rYwWv-My%20ASU%20-%20Campus%20Resource-00001.png" />
<file href="scormcontent/assets/MIo6nJRfxETG-n4E_transcoded-XERqsReMEY4rYwWv-My%20ASU%20-%20Campus%20Resource.mp4" />
<file href="scormcontent/assets/IleYGWX6nwf3nEhs_transcoded-S0Dqh59MerzcKjer-MyASU%20-%20Finance%20Tab-00001.png" />
<file href="scormcontent/assets/isJaNI0-tChS8fTL_transcoded-S0Dqh59MerzcKjer-MyASU%20-%20Finance%20Tab.mp4" />
<file href="scormcontent/assets/tjJ8ioPk_chqYS1m_aXehn9umiR37s7_8.jpg" />
<file href="scormcontent/assets/ypqal1V4C16Fc-qM_transcoded-zjPHWtic-GI9tXAO-Canvas%20Course%20-%20Accessibility-00001.png" />
<file href="scormcontent/assets/W05MD0582A99P56o_transcoded-zjPHWtic-GI9tXAO-Canvas%20Course%20-%20Accessibility.mp4" />
<file href="scormcontent/assets/TtAwUh-i_IeNrq61_transcoded-F3yRu-W9gID0RY4n-Canvas%20Course%20-%20Module-00001.png" />
<file href="scormcontent/assets/XHPlUYNp-A_4kbV2_transcoded-F3yRu-W9gID0RY4n-Canvas%20Course%20-%20Module.mp4" />
<file href="scormcontent/assets/7HKlG_ulbQIlV4q1_transcoded-xTwTckrBXOBKkzdl-Canvas%20Course%20-%20Help%20Button-00001.png" />
<file href="scormcontent/assets/EQDsbNj1YuUq7COh_transcoded-xTwTckrBXOBKkzdl-Canvas%20Course%20-%20Help%20Button.mp4" />
<file href="scormcontent/assets/ykkubQsdjl0zZ9It_transcoded-jxnUmzxtf1dXUVy_-Canvas%20Course%20-%20Calender-00001.png" />
<file href="scormcontent/assets/8_RXW3HldT3Hbthh_transcoded-jxnUmzxtf1dXUVy_-Canvas%20Course%20-%20Calender.mp4" />
<file href="scormcontent/assets/8TJEZ_kQ15hbFB6B_mountains.jpg" />
<file href="scormcontent/assets/3NedQaZ5dWblBoC9_QH140Mu_xlSMoHhW.jpg" />
<file href="scormcontent/assets/pM4o2pjAWDBjR5nw_aPJJNZCzkZYSt_Pg.jpg" />
<file href="scormcontent/assets/KlgVuLE3JTCnOWiB_10_creative.jpg" />
<file href="scormcontent/assets/kxH9Zkyd_1g9ZSBQ_example-header-image.jpg" />

    </resource>
  </resources>
</manifest>
