<?xml version="1.0" ?>
<manifest identifier="AwmzcxlqT2Ml9pLlvxZXKw1wGszmLEq1opMsFiXZ" version="1"
  xmlns="http://www.imsproject.org/xsd/imscp_rootv1p1p2"
  xmlns:adlcp="http://www.adlnet.org/xsd/adlcp_rootv1p2"
  xmlns:xsi="http://www.w3.org/2001/XMLSchema-instance"
  xsi:schemaLocation="http://www.imsproject.org/xsd/imscp_rootv1p1p2 imscp_rootv1p1p2.xsd
                      http://www.adlnet.org/xsd/adlcp_rootv1p2 adlcp_rootv1p2.xsd">
  <metadata>
    <schema>ADL SCORM</schema>
    <schemaversion>1.2</schemaversion>
    <adlcp:location>metadata.xml</adlcp:location>
  </metadata>
  <organizations default="articulate_rise">
      <organization identifier="articulate_rise">
      <title>Tax Filing Information</title>
      <item identifier="i1" identifierref="r1" isvisible="true">
        <title>Tax Filing Information</title>
        <adlcp:datafromlms>eyJjcHYiOiJvcE1zRmlYWiIsInJsZCI6ZmFsc2V9</adlcp:datafromlms>
      </item>
    </organization>
  </organizations>
  <resources>
    <resource identifier="r1" type="webcontent" adlcp:scormtype="sco" href="scormdriver/indexAPI.html">
      <!-- SCORMDRIVER STUFF -->
      <file href="scormdriver/indexAPI.html" />
      <file href="scormdriver/preloadIntegrity.js" />
      <file href="scormdriver/driverOptions.js" />
      <file href="scormdriver/AICCComm.html" />
      <file href="scormdriver/auto-scripts/AutoBookmark.js" />
      <file href="scormdriver/auto-scripts/AutoCompleteSCO.js" />
      <file href="scormdriver/auto-scripts/CourseExit.js" />
      <file href="scormdriver/blank.html" />
      <file href="scormdriver/goodbye.html" />
      <file href="scormdriver/scormdriver.js" />
      <file href="scormdriver/browsersniff.js" />

      <!-- RUNTIME COMMON STUFF -->
      <file href="scormcontent/index.html" />

      
        <file href="scormcontent/lib/fonts/icomoon.ttf"/>
        <file href="scormcontent/lib/fonts/icomoon.woff"/>

        <file href="scormcontent/lib/icomoon.css"/>
        <file href="scormcontent/lib/player-0.0.11.min.js"/>
        <file href="scormcontent/lib/lzwcompress.js"/>
      

      <!-- FRONTEND BUNDLE ASSETS -->
      <file href="scormcontent/lib/rise/269570b5.js" />
<file href="scormcontent/lib/rise/11732e6a.css" />
<file href="scormcontent/lib/rise/617a0cc7.js" />
<file href="scormcontent/lib/rise/f523af46.css" />
<file href="scormcontent/lib/rise/74494de2.js" />
<file href="scormcontent/lib/rise/eb9bd09f.js" />
<file href="scormcontent/lib/rise/27e7283a.js" />
<file href="scormcontent/lib/rise/20be7de8.js" />
<file href="scormcontent/lib/mondrian/entry.js" />
<file href="scormcontent/lib/mondrian/201304b2.js" />
<file href="scormcontent/lib/mondrian/133f1661.js" />
<file href="scormcontent/lib/mondrian/b176ca34.js" />
<file href="scormcontent/lib/mondrian/d7134136.js" />
<file href="scormcontent/lib/mondrian/c16e7dd3.js" />
<file href="scormcontent/lib/mondrian/c1257364.js" />
<file href="scormcontent/lib/mondrian/eab04a62.js" />
<file href="scormcontent/lib/mondrian/714fc133.js" />


      <!-- RUNTIME CONTENT STUFF -->
      <file href="scormcontent/lib/fonts/Lato-Black.woff" />
<file href="scormcontent/lib/fonts/Lato-Italic.woff" />
<file href="scormcontent/lib/fonts/Lato-Bold.woff" />
<file href="scormcontent/lib/fonts/Lato-Regular.woff" />
<file href="scormcontent/lib/fonts/Lato-Light.woff" />
<file href="scormcontent/lib/fonts/Merriweather-Black.woff" />
<file href="scormcontent/lib/fonts/Merriweather-Italic.woff" />
<file href="scormcontent/lib/fonts/Merriweather-Bold.woff" />
<file href="scormcontent/lib/fonts/Merriweather-Regular.woff" />
<file href="scormcontent/lib/fonts/Merriweather-Light.woff" />
<file href="scormcontent/assets/small.png" />
<file href="scormcontent/assets/3_misc.jpg" />
<file href="scormcontent/assets/stock-image.jpg" />
<file href="scormcontent/assets/211223-ASU-Orange-Mall-1065-JO.jpg" />
<file href="scormcontent/assets/WpAkZu/stock-image.jpg" />
<file href="scormcontent/assets/sprintax.jpg" />
<file href="scormcontent/assets/gX1qMq/stock-image.jpg" />
<file href="scormcontent/assets/mKPuOT62gQs8g0pm_153_full.png" />
<file href="scormcontent/assets/d6ePtnTeONE5tR3C_202_full.png" />
<file href="scormcontent/assets/OzfBiwQMhW7_WBUS_210_full.png" />
<file href="scormcontent/assets/halnP3QBedRauQHA_116_full.png" />
<file href="scormcontent/assets/7oSH0RxiEcg4rjVc_183_full.png" />
<file href="scormcontent/assets/NzYShFfMAI3WQUzE_194_full.png" />
<file href="scormcontent/assets/amrzew8dtZQFSKdU_162_full.png" />
<file href="scormcontent/assets/qQUbo0sW6DGh_fkb_215_full.png" />
<file href="scormcontent/assets/1eFW2bTIbksMRsCy_205_full.png" />
<file href="scormcontent/assets/g4qqDPSnATyRrpHI_218_full.png" />
<file href="scormcontent/assets/pbulaijKpI1dtQLe_214_full.png" />
<file href="scormcontent/assets/cP9L9keTTqLFiG3H_170_full.png" />
<file href="scormcontent/assets/ozJY17EsrH9g5skq_192_full.png" />

      <file href="scormcontent/locales/und.js" />

    </resource>
  </resources>
</manifest>
