<?xml version="1.0" ?>
<manifest identifier="AwmzcxlqT2Ml9pLlvxZXKw1wGszmLEq1hZ159AwG" version="1"
  xmlns="http://www.imsproject.org/xsd/imscp_rootv1p1p2"
  xmlns:adlcp="http://www.adlnet.org/xsd/adlcp_rootv1p2"
  xmlns:xsi="http://www.w3.org/2001/XMLSchema-instance"
  xsi:schemaLocation="http://www.imsproject.org/xsd/imscp_rootv1p1p2 imscp_rootv1p1p2.xsd
                      http://www.adlnet.org/xsd/adlcp_rootv1p2 adlcp_rootv1p2.xsd">
  <metadata>
    <schema>ADL SCORM</schema>
    <schemaversion>1.2</schemaversion>
    <adlcp:location>metadata.xml</adlcp:location> 
  </metadata>
  <organizations default="articulate_rise">
      <organization identifier="articulate_rise">
      <title>Tax Filing Information</title>
      <item identifier="i1" identifierref="r1" isvisible="true">
        <title>Tax Filing Information</title>
        <adlcp:datafromlms>eyJjcHYiOiJoWjE1OUF3RyIsInJsZCI6ZmFsc2V9</adlcp:datafromlms>
      </item>
    </organization>
  </organizations>
  <resources>
    <resource identifier="r1" type="webcontent" adlcp:scormtype="sco" href="scormdriver/indexAPI.html">
      <!-- SCORMDRIVER STUFF -->
      <file href="scormdriver/indexAPI.html" />
      <file href="scormdriver/preloadIntegrity.js" />
      <file href="scormdriver/driverOptions.js" />
      <file href="scormdriver/AICCComm.html" />
      <file href="scormdriver/auto-scripts/AutoBookmark.js" />
      <file href="scormdriver/auto-scripts/AutoCompleteSCO.js" />
      <file href="scormdriver/auto-scripts/CourseExit.js" />
      <file href="scormdriver/blank.html" />
      <file href="scormdriver/goodbye.html" />
      <file href="scormdriver/scormdriver.js" />
      <file href="scormdriver/browsersniff.js" />

      <!-- RUNTIME COMMON STUFF -->
      <file href="scormcontent/index.html" />

      
        <file href="scormcontent/lib/fonts/icomoon.ttf"/>
        <file href="scormcontent/lib/fonts/icomoon.woff"/>

        <file href="scormcontent/lib/icomoon.css"/>
        <file href="scormcontent/lib/player-0.0.11.min.js"/>
        <file href="scormcontent/lib/lzwcompress.js"/>
      

      <!-- FRONTEND BUNDLE ASSETS -->
      <file href="scormcontent/lib/rise/1b196450.js" />
<file href="scormcontent/lib/rise/2ed4ce75.css" />
<file href="scormcontent/lib/rise/d1169e2d.js" />
<file href="scormcontent/lib/rise/f8d7bd83.css" />
<file href="scormcontent/lib/rise/87cb5412.js" />
<file href="scormcontent/lib/rise/1f3bd0b9.js" />
<file href="scormcontent/lib/rise/2ccc070c.js" />
<file href="scormcontent/lib/rise/24281682.js" />
<file href="scormcontent/lib/rise/b34552c9.js" />
<file href="scormcontent/lib/rise/b15f5737.js" />
<file href="scormcontent/lib/rise/c4e1a828.js" />
<file href="scormcontent/lib/rise/0bcec83e.js" />
<file href="scormcontent/lib/rise/6668ba86.js" />
<file href="scormcontent/lib/mondrian/entry.js" />
<file href="scormcontent/lib/mondrian/cda54c5d.js" />
<file href="scormcontent/lib/mondrian/76272521.js" />
<file href="scormcontent/lib/mondrian/e6455962.js" />
<file href="scormcontent/lib/mondrian/09e37aee.js" />
<file href="scormcontent/lib/mondrian/196251cf.js" />
<file href="scormcontent/lib/sandbox/sandbox.html" />
<file href="scormcontent/lib/sandbox/d12736b8.js" />
<file href="scormcontent/lib/sandbox/4adfab46.css" />


      <!-- RUNTIME CONTENT STUFF -->
      <file href="scormcontent/lib/fonts/Lato2-Regular.woff" />
<file href="scormcontent/lib/fonts/Lato2-Light.woff" />
<file href="scormcontent/lib/fonts/Lato2-Italic.woff" />
<file href="scormcontent/lib/fonts/Lato2-Bold.woff" />
<file href="scormcontent/lib/fonts/Lato2-Black.woff" />
<file href="scormcontent/lib/fonts/Merriweather-Black.woff" />
<file href="scormcontent/lib/fonts/Merriweather-Italic.woff" />
<file href="scormcontent/lib/fonts/Merriweather-Bold.woff" />
<file href="scormcontent/lib/fonts/Merriweather-Regular.woff" />
<file href="scormcontent/lib/fonts/Merriweather-Light.woff" />
<file href="scormcontent/assets/small.png" />
<file href="scormcontent/assets/3_misc.jpg" />
<file href="scormcontent/assets/stock-image.jpg" />
<file href="scormcontent/assets/211223-ASU-Orange-Mall-1065-JO.jpg" />
<file href="scormcontent/assets/ODAEI-/stock-image.jpg" />
<file href="scormcontent/assets/sprintax.jpg" />
<file href="scormcontent/assets/T3SoXQ/stock-image.jpg" />
<file href="scormcontent/assets/IjkEI-GzsycmN7zW_153_full.png" />
<file href="scormcontent/assets/RK6hAp5MJhZt5aFV_202_full.png" />
<file href="scormcontent/assets/zx2l4j3jlO4xtvX0_210_full.png" />
<file href="scormcontent/assets/VuHTgta_7JJb12o9_116_full.png" />
<file href="scormcontent/assets/OmcNxf-psZixI9kM_183_full.png" />
<file href="scormcontent/assets/cOfBvUqOOigN4C5U_194_full.png" />
<file href="scormcontent/assets/XQmbhjqilzQ8WIXn_162_full.png" />
<file href="scormcontent/assets/OC8E-W49DF8BO8kg_215_full.png" />
<file href="scormcontent/assets/mJ5WPLn2f5ZkdB2i_205_full.png" />
<file href="scormcontent/assets/LpMGgDThAyZVCMo2_218_full.png" />
<file href="scormcontent/assets/1uxte_5MMXbzrvB-_214_full.png" />
<file href="scormcontent/assets/iIv-KN81ScIw0j2q_170_full.png" />
<file href="scormcontent/assets/PsFgnx9U-2QiT2OY_192_full.png" />

    </resource>
  </resources>
</manifest>
