<?xml version="1.0" ?>
<manifest identifier="AOVId5e-DD919ABvI4frNZj4rlvIsujsPSY_xGvB" version="1"
  xmlns="http://www.imsproject.org/xsd/imscp_rootv1p1p2"
  xmlns:adlcp="http://www.adlnet.org/xsd/adlcp_rootv1p2"
  xmlns:xsi="http://www.w3.org/2001/XMLSchema-instance"
  xsi:schemaLocation="http://www.imsproject.org/xsd/imscp_rootv1p1p2 imscp_rootv1p1p2.xsd
                      http://www.adlnet.org/xsd/adlcp_rootv1p2 adlcp_rootv1p2.xsd">
  <metadata>
    <schema>ADL SCORM</schema>
    <schemaversion>1.2</schemaversion>
    <adlcp:location>metadata.xml</adlcp:location>
  </metadata>
  <organizations default="articulate_rise">
      <organization identifier="articulate_rise">
      <title>Before You Arrive Course</title>
      <item identifier="i1" identifierref="r1" isvisible="true">
        <title>Before You Arrive Course</title>
        <adlcp:datafromlms>eyJjcHYiOiJQU1lfeEd2QiIsInJsZCI6ZmFsc2V9</adlcp:datafromlms>
      </item>
    </organization>
  </organizations>
  <resources>
    <resource identifier="r1" type="webcontent" adlcp:scormtype="sco" href="scormdriver/indexAPI.html">
      <!-- SCORMDRIVER STUFF -->
      <file href="scormdriver/indexAPI.html" />
      <file href="scormdriver/preloadIntegrity.js" />
      <file href="scormdriver/driverOptions.js" />
      <file href="scormdriver/AICCComm.html" />
      <file href="scormdriver/auto-scripts/AutoBookmark.js" />
      <file href="scormdriver/auto-scripts/AutoCompleteSCO.js" />
      <file href="scormdriver/auto-scripts/CourseExit.js" />
      <file href="scormdriver/blank.html" />
      <file href="scormdriver/goodbye.html" />
      <file href="scormdriver/scormdriver.js" />
      <file href="scormdriver/browsersniff.js" />

      <!-- RUNTIME COMMON STUFF -->
      <file href="scormcontent/index.html" />

      
        <file href="scormcontent/lib/fonts/icomoon.ttf"/>
        <file href="scormcontent/lib/fonts/icomoon.woff"/>

        <file href="scormcontent/lib/icomoon.css"/>
        <file href="scormcontent/lib/player-0.0.11.min.js"/>
        <file href="scormcontent/lib/lzwcompress.js"/>
      

      <!-- FRONTEND BUNDLE ASSETS -->
      <file href="scormcontent/lib/rise/f2b9240a.js" />
<file href="scormcontent/lib/rise/11732e6a.css" />
<file href="scormcontent/lib/rise/a8d5b75c.js" />
<file href="scormcontent/lib/rise/da55594a.css" />
<file href="scormcontent/lib/rise/b3ef5845.js" />
<file href="scormcontent/lib/rise/eb9bd09f.js" />
<file href="scormcontent/lib/rise/20be7de8.js" />


      <!-- RUNTIME CONTENT STUFF -->
      <file href="scormcontent/lib/fonts/Lato-Black.woff" />
<file href="scormcontent/lib/fonts/Lato-Italic.woff" />
<file href="scormcontent/lib/fonts/Lato-Bold.woff" />
<file href="scormcontent/lib/fonts/Lato-Regular.woff" />
<file href="scormcontent/lib/fonts/Lato-Light.woff" />
<file href="scormcontent/lib/fonts/Merriweather-Black.woff" />
<file href="scormcontent/lib/fonts/Merriweather-Italic.woff" />
<file href="scormcontent/lib/fonts/Merriweather-Bold.woff" />
<file href="scormcontent/lib/fonts/Merriweather-Regular.woff" />
<file href="scormcontent/lib/fonts/Merriweather-Light.woff" />
<file href="scormcontent/assets/NYCFfE-O415XcViX_small.png" />
<file href="scormcontent/assets/Cc1amf06hp2aBkms_b9et40ONugWVqZvK.jpg" />
<file href="scormcontent/assets/QuV1itG3ws3oXk8y_KmuVTwPeuuI7RX1t.png" />
<file href="scormcontent/assets/w8ToA57M2PynLj6f_vUZMs5mR-n3m3xci.png" />
<file href="scormcontent/assets/AFTqelqWwo0AWFMZ_N0dg2dCsFvg7j5W_.png" />
<file href="scormcontent/assets/ay1pAZDCz_3h33yU_WjZ-dHDauZPoHjHU-Checklist.pdf" />
<file href="scormcontent/assets/miv1rcHVUC_Yf3Y7_transcoded-ruiU7csYBOfuysZx-Immigration-00001.png" />
<file href="scormcontent/assets/wDTT0DbfOqAE3thh_transcoded-ruiU7csYBOfuysZx-Immigration.mp4" />
<file href="scormcontent/assets/zcAlBNcnApRDAG-N_G-DC0p0GXSY4T6eB.jpg" />
<file href="scormcontent/assets/cRdWE3ZYACnmr2w9_transcoded-eXLb42viaAk9dOF8-MY%20ASU%20-%20Background-00001.png" />
<file href="scormcontent/assets/EK4FPbUaeSb1CtFM_transcoded-eXLb42viaAk9dOF8-MY%20ASU%20-%20Background.mp4" />
<file href="scormcontent/assets/5WauPy3eQzBjD7Y0_transcoded-bp-N6uDQE_6JgJAO-MyASU%20-%20My%20Classes-00001.png" />
<file href="scormcontent/assets/TJgQq3JhhoEzf_hz_transcoded-bp-N6uDQE_6JgJAO-MyASU%20-%20My%20Classes.mp4" />
<file href="scormcontent/assets/jtp4RnAXBR-x2prl_transcoded-zA40eFLbnGczO5vu-MyASU%20-%20My%20Profile%20%281%29-00001.png" />
<file href="scormcontent/assets/lbeU8Wgz5ztjO4Za_transcoded-zA40eFLbnGczO5vu-MyASU%20-%20My%20Profile%20%281%29.mp4" />
<file href="scormcontent/assets/ZY6NbwHuKNWQ4EBs_transcoded-XERqsReMEY4rYwWv-My%20ASU%20-%20Campus%20Resource-00001.png" />
<file href="scormcontent/assets/hV9GmMCP4WVWgub-_transcoded-XERqsReMEY4rYwWv-My%20ASU%20-%20Campus%20Resource.mp4" />
<file href="scormcontent/assets/KK8lBimH77sDlMor_transcoded-S0Dqh59MerzcKjer-MyASU%20-%20Finance%20Tab-00001.png" />
<file href="scormcontent/assets/hn_1rXm2Oacp8atn_transcoded-S0Dqh59MerzcKjer-MyASU%20-%20Finance%20Tab.mp4" />
<file href="scormcontent/assets/7uQiQJ8AmMIU3koQ_aXehn9umiR37s7_8.jpg" />
<file href="scormcontent/assets/1zYxixld7ogmsJBV_transcoded-zjPHWtic-GI9tXAO-Canvas%20Course%20-%20Accessibility-00001.png" />
<file href="scormcontent/assets/nfbZyK6VEzVpLslD_transcoded-zjPHWtic-GI9tXAO-Canvas%20Course%20-%20Accessibility.mp4" />
<file href="scormcontent/assets/b2JCk-g3rcX8Xk4R_transcoded-F3yRu-W9gID0RY4n-Canvas%20Course%20-%20Module-00001.png" />
<file href="scormcontent/assets/TDBByH37s77jSpZw_transcoded-F3yRu-W9gID0RY4n-Canvas%20Course%20-%20Module.mp4" />
<file href="scormcontent/assets/OSQ1jcxy1aWE5-AF_transcoded-xTwTckrBXOBKkzdl-Canvas%20Course%20-%20Help%20Button-00001.png" />
<file href="scormcontent/assets/X-FlSqJ_6j9SJSG4_transcoded-xTwTckrBXOBKkzdl-Canvas%20Course%20-%20Help%20Button.mp4" />
<file href="scormcontent/assets/GyokQWyqQ9ODz6xa_transcoded-jxnUmzxtf1dXUVy_-Canvas%20Course%20-%20Calender-00001.png" />
<file href="scormcontent/assets/av1H7gAQ24B3UmlM_transcoded-jxnUmzxtf1dXUVy_-Canvas%20Course%20-%20Calender.mp4" />
<file href="scormcontent/assets/gv0NJ4v8QchbgXBN_mountains.jpg" />
<file href="scormcontent/assets/m5LQ1mqeq08jqvc5_QH140Mu_xlSMoHhW.jpg" />
<file href="scormcontent/assets/TM4vmtS6EA2H1vc1_aPJJNZCzkZYSt_Pg.jpg" />
<file href="scormcontent/assets/5HwtX_x2N1jgwuuy_10_creative.jpg" />
<file href="scormcontent/assets/bxDhEXnWLe4D9lhz_example-header-image.jpg" />

    </resource>
  </resources>
</manifest>
