<?xml version="1.0" ?>
<manifest identifier="YK7r2bkgqrtt1ucPFUX3uNCoFrTSGQZZlXiAFRlB" version="1"
  xmlns="http://www.imsproject.org/xsd/imscp_rootv1p1p2"
  xmlns:adlcp="http://www.adlnet.org/xsd/adlcp_rootv1p2"
  xmlns:xsi="http://www.w3.org/2001/XMLSchema-instance"
  xsi:schemaLocation="http://www.imsproject.org/xsd/imscp_rootv1p1p2 imscp_rootv1p1p2.xsd
                      http://www.adlnet.org/xsd/adlcp_rootv1p2 adlcp_rootv1p2.xsd">
  <metadata>
    <schema>ADL SCORM</schema>
    <schemaversion>1.2</schemaversion>
    <adlcp:location>metadata.xml</adlcp:location>
  </metadata>
  <organizations default="articulate_rise">
      <organization identifier="articulate_rise">
      <title>Learn AZ - Hiking</title>
      <item identifier="i1" identifierref="r1" isvisible="true">
        <title>Learn AZ - Hiking</title>
        <adlcp:datafromlms>eyJjcHYiOiJsWGlBRlJsQiIsInJsZCI6ZmFsc2V9</adlcp:datafromlms>
      </item>
    </organization>
  </organizations>
  <resources>
    <resource identifier="r1" type="webcontent" adlcp:scormtype="sco" href="scormdriver/indexAPI.html">
      <!-- SCORMDRIVER STUFF -->
      <file href="scormdriver/indexAPI.html" />
      <file href="scormdriver/preloadIntegrity.js" />
      <file href="scormdriver/driverOptions.js" />
      <file href="scormdriver/AICCComm.html" />
      <file href="scormdriver/auto-scripts/AutoBookmark.js" />
      <file href="scormdriver/auto-scripts/AutoCompleteSCO.js" />
      <file href="scormdriver/auto-scripts/CourseExit.js" />
      <file href="scormdriver/blank.html" />
      <file href="scormdriver/goodbye.html" />
      <file href="scormdriver/scormdriver.js" />
      <file href="scormdriver/browsersniff.js" />

      <!-- RUNTIME COMMON STUFF -->
      <file href="scormcontent/index.html" />

      
        <file href="scormcontent/lib/fonts/icomoon.ttf"/>
        <file href="scormcontent/lib/fonts/icomoon.woff"/>

        <file href="scormcontent/lib/icomoon.css"/>
        <file href="scormcontent/lib/player-0.0.11.min.js"/>
        <file href="scormcontent/lib/lzwcompress.js"/>
      

      <!-- FRONTEND BUNDLE ASSETS -->
      <file href="scormcontent/lib/rise/4b3ccd6b.js" />
<file href="scormcontent/lib/rise/11732e6a.css" />
<file href="scormcontent/lib/rise/76a44bc0.js" />
<file href="scormcontent/lib/rise/9e4d7a83.css" />
<file href="scormcontent/lib/rise/ded7ffef.js" />
<file href="scormcontent/lib/rise/eb9bd09f.js" />
<file href="scormcontent/lib/rise/20be7de8.js" />
<file href="scormcontent/lib/mondrian/entry.js" />
<file href="scormcontent/lib/mondrian/b6873211.js" />
<file href="scormcontent/lib/mondrian/0e859ef5.js" />
<file href="scormcontent/lib/mondrian/7b2a258a.js" />
<file href="scormcontent/lib/mondrian/18ae508c.js" />
<file href="scormcontent/lib/mondrian/3e40eb79.js" />
<file href="scormcontent/lib/mondrian/cdf9a293.js" />
<file href="scormcontent/lib/mondrian/3f9ba7c0.js" />
<file href="scormcontent/lib/mondrian/07d24945.js" />


      <!-- RUNTIME CONTENT STUFF -->
      <file href="scormcontent/lib/fonts/Lato-Black.woff" />
<file href="scormcontent/lib/fonts/Lato-Italic.woff" />
<file href="scormcontent/lib/fonts/Lato-Bold.woff" />
<file href="scormcontent/lib/fonts/Lato-Regular.woff" />
<file href="scormcontent/lib/fonts/Lato-Light.woff" />
<file href="scormcontent/lib/fonts/Merriweather-Black.woff" />
<file href="scormcontent/lib/fonts/Merriweather-Italic.woff" />
<file href="scormcontent/lib/fonts/Merriweather-Bold.woff" />
<file href="scormcontent/lib/fonts/Merriweather-Regular.woff" />
<file href="scormcontent/lib/fonts/Merriweather-Light.woff" />
<file href="scormcontent/assets/x4ei7ZBqy3tlPuWx_small.png" />
<file href="scormcontent/assets/XA7Zt1hiHdN-Jjur_cover-image-0.jpg" />
<file href="scormcontent/assets/ip_GHe8tXBhcludZ_-KBhn9EVEbcYdXi3.jpg" />
<file href="scormcontent/assets/8t7XdDk0WIpRgj2D_2_cities.jpg" />
<file href="scormcontent/assets/cTtuBRaWtI1gQo47_5_cities.jpg" />
<file href="scormcontent/assets/Qi3sqLgiucpJUMza_E2p6if0vAX8n1H8A.jpg" />
<file href="scormcontent/assets/4TNreyeCaeiZ2VKZ_mountains.jpg" />
<file href="scormcontent/assets/ny_jNDEMM1WuV6_p_gUUmwZX6EC0UOrqR.jpg" />
<file href="scormcontent/assets/XnGxynzQWA5nnJMP_lZqd3SOS8cfZUnOM.jpg" />
<file href="scormcontent/assets/BB26AA1xO5oWduIo_gM86sPXNuGbW8n4s.jpg" />
<file href="scormcontent/assets/mwHFg_qWgahcSxMK_8MPQq7QCwGv1B-xX.jpg" />
<file href="scormcontent/assets/UbcFShAycZaoJGR2_mOgX2Q0JdF6K3vyC.jpg" />
<file href="scormcontent/assets/ft8HpSk1usdfuD4f_10_hospitality.jpg" />
<file href="scormcontent/assets/fPOQVBMVlLM4DUvV_20_misc.jpg" />
<file href="scormcontent/assets/7AnljAdfydjOcJjG_DzragIVkvNIwISbz.jpg" />
<file href="scormcontent/assets/mT01JuD81E_SAffl_NDD217GVFHVhEHkp.jpg" />
<file href="scormcontent/assets/8GLRFlv5XyBqsOKy_9tuHsuuDvFYTzKRv.jpg" />
<file href="scormcontent/assets/sa4FsiEOTH6atNK0_TqDUrU4cZHKS48j-.jpg" />
<file href="scormcontent/assets/0jv7RrYdsNk8ck4k_EH3LzRvd6K2txRgX.jpg" />
<file href="scormcontent/assets/svwHsMkuyuGYHXuz_12sz1TFZ9jLB-XJ9.jpg" />
<file href="scormcontent/assets/9wsz5PRiiJ1RFvVu_akqjnZVxLGW8YEBR.jpg" />
<file href="scormcontent/assets/Cr9PkthcB4q61tKO_18_wfh.jpg" />
<file href="scormcontent/assets/OCI4TELPIejy7uyT_32_creative.jpg" />
<file href="scormcontent/assets/MMGCXem2aczV1eIp_13_hospitality.jpg" />
<file href="scormcontent/assets/9nsNYvkG64qbsxOt_wLybtYisX774vdkN.jpg" />
<file href="scormcontent/assets/97c-8plke7-WV3QC_YfUff7pTaOtEk1hj.jpg" />
<file href="scormcontent/assets/mAd4ZD246zF4_lUg_y7ap98ACgAZwdnLu.jpg" />
<file href="scormcontent/assets/oT0b5Bw7xHnRcoKj_NlVxm-3pHw_az9TD.jpg" />
<file href="scormcontent/assets/zU7i-pehKA32gM8a_2LznvdZghI1nW7gt.jpg" />
<file href="scormcontent/assets/UCP0YunIa2lK9WOa_qWOlRq0ng4bcqEnM.jpg" />
<file href="scormcontent/assets/700VL9tRPMUtkAtM_smn9qa-VpsowA4fJ.jpg" />
<file href="scormcontent/assets/ZQTOLZAPnIkqsheu_WfJs3d7ilFTNFEmX.jpg" />
<file href="scormcontent/assets/9FNA6kyVwhXT-eU1_rqXpYwJNRuLrc8f1.jpg" />
<file href="scormcontent/assets/8h5CR6Fm2OIlkKbx_Djx9Rdj04DGH2-xI.jpg" />
<file href="scormcontent/assets/bDSSqRR4U7_GezSU_7AVStGm3_Z1FOvl2.jpg" />
<file href="scormcontent/assets/NWyfJBsBVLO4Ku2A_IcLK7R8CsOffuRfu.jpg" />
<file href="scormcontent/assets/YljEANBK_l3jiWhw_pdA3xxC5hJWpYXQQ.jpg" />
<file href="scormcontent/assets/FC0AVG5MnF4eFJ_K_1LWOg6hnDkqcl7aV.jpg" />
<file href="scormcontent/assets/q8kRfKVw_-pO9Ofl_21_nature.jpg" />
<file href="scormcontent/assets/ZnTtmxAsFL4I2ouU_15_creative.jpg" />
<file href="scormcontent/assets/841evETz3vxlc9JI_8_misc.jpg" />
<file href="scormcontent/assets/JxYtxR-dVKXjIqQp_8_misc.jpg" />
<file href="scormcontent/assets/aOYFrHvEXJmxPeLf_example-header-image.jpg" />

      <file href="scormcontent/locales/default.js" />

    </resource>
  </resources>
</manifest>
