<?xml version="1.0" ?>
<manifest identifier="AOVId5e-DD919ABvI4frNZj4rlvIsujsx_j5B_1e" version="1"
  xmlns="http://www.imsproject.org/xsd/imscp_rootv1p1p2"
  xmlns:adlcp="http://www.adlnet.org/xsd/adlcp_rootv1p2"
  xmlns:xsi="http://www.w3.org/2001/XMLSchema-instance"
  xsi:schemaLocation="http://www.imsproject.org/xsd/imscp_rootv1p1p2 imscp_rootv1p1p2.xsd
                      http://www.adlnet.org/xsd/adlcp_rootv1p2 adlcp_rootv1p2.xsd">
  <metadata>
    <schema>ADL SCORM</schema>
    <schemaversion>1.2</schemaversion>
    <adlcp:location>metadata.xml</adlcp:location>
  </metadata>
  <organizations default="articulate_rise">
      <organization identifier="articulate_rise">
      <title>Before You Arrive Course</title>
      <item identifier="i1" identifierref="r1" isvisible="true">
        <title>Before You Arrive Course</title>
        <adlcp:datafromlms>eyJjcHYiOiJ4X2o1Ql8xZSIsInJsZCI6ZmFsc2V9</adlcp:datafromlms>
      </item>
    </organization>
  </organizations>
  <resources>
    <resource identifier="r1" type="webcontent" adlcp:scormtype="sco" href="scormdriver/indexAPI.html">
      <!-- SCORMDRIVER STUFF -->
      <file href="scormdriver/indexAPI.html" />
      <file href="scormdriver/preloadIntegrity.js" />
      <file href="scormdriver/driverOptions.js" />
      <file href="scormdriver/AICCComm.html" />
      <file href="scormdriver/auto-scripts/AutoBookmark.js" />
      <file href="scormdriver/auto-scripts/AutoCompleteSCO.js" />
      <file href="scormdriver/auto-scripts/CourseExit.js" />
      <file href="scormdriver/blank.html" />
      <file href="scormdriver/goodbye.html" />
      <file href="scormdriver/scormdriver.js" />
      <file href="scormdriver/browsersniff.js" />

      <!-- RUNTIME COMMON STUFF -->
      <file href="scormcontent/index.html" />

      
        <file href="scormcontent/lib/fonts/icomoon.ttf"/>
        <file href="scormcontent/lib/fonts/icomoon.woff"/>

        <file href="scormcontent/lib/icomoon.css"/>
        <file href="scormcontent/lib/player-0.0.11.min.js"/>
        <file href="scormcontent/lib/lzwcompress.js"/>
      

      <!-- FRONTEND BUNDLE ASSETS -->
      <file href="scormcontent/lib/rise/f2b9240a.js" />
<file href="scormcontent/lib/rise/11732e6a.css" />
<file href="scormcontent/lib/rise/a8d5b75c.js" />
<file href="scormcontent/lib/rise/da55594a.css" />
<file href="scormcontent/lib/rise/b3ef5845.js" />
<file href="scormcontent/lib/rise/eb9bd09f.js" />
<file href="scormcontent/lib/rise/20be7de8.js" />


      <!-- RUNTIME CONTENT STUFF -->
      <file href="scormcontent/lib/fonts/Lato-Black.woff" />
<file href="scormcontent/lib/fonts/Lato-Italic.woff" />
<file href="scormcontent/lib/fonts/Lato-Bold.woff" />
<file href="scormcontent/lib/fonts/Lato-Regular.woff" />
<file href="scormcontent/lib/fonts/Lato-Light.woff" />
<file href="scormcontent/lib/fonts/Merriweather-Black.woff" />
<file href="scormcontent/lib/fonts/Merriweather-Italic.woff" />
<file href="scormcontent/lib/fonts/Merriweather-Bold.woff" />
<file href="scormcontent/lib/fonts/Merriweather-Regular.woff" />
<file href="scormcontent/lib/fonts/Merriweather-Light.woff" />
<file href="scormcontent/assets/uE25ZvcRh9Nj1XbM_small.png" />
<file href="scormcontent/assets/MHFm1f5tZp7xhMZW_b9et40ONugWVqZvK.jpg" />
<file href="scormcontent/assets/7EcNat0KFanqdTKc_transcoded-ruiU7csYBOfuysZx-Immigration-00001.png" />
<file href="scormcontent/assets/lzT_G_7O2wavzIG9_transcoded-ruiU7csYBOfuysZx-Immigration.mp4" />
<file href="scormcontent/assets/tySC4Gde_tNp3z7C_G-DC0p0GXSY4T6eB.jpg" />
<file href="scormcontent/assets/IoGEzRh3buAE2rHg_transcoded-eXLb42viaAk9dOF8-MY%20ASU%20-%20Background-00001.png" />
<file href="scormcontent/assets/yNphDlyYQXDBu5G__transcoded-eXLb42viaAk9dOF8-MY%20ASU%20-%20Background.mp4" />
<file href="scormcontent/assets/95znMdcb5gUvlM3u_transcoded-bp-N6uDQE_6JgJAO-MyASU%20-%20My%20Classes-00001.png" />
<file href="scormcontent/assets/2g40bkLilq5M-RvE_transcoded-bp-N6uDQE_6JgJAO-MyASU%20-%20My%20Classes.mp4" />
<file href="scormcontent/assets/qBQlwD7D5Y7p5fju_transcoded-zA40eFLbnGczO5vu-MyASU%20-%20My%20Profile%20%281%29-00001.png" />
<file href="scormcontent/assets/Frqt7WnIJDBF4r41_transcoded-zA40eFLbnGczO5vu-MyASU%20-%20My%20Profile%20%281%29.mp4" />
<file href="scormcontent/assets/8A8-el-U5oijMqxb_transcoded-XERqsReMEY4rYwWv-My%20ASU%20-%20Campus%20Resource-00001.png" />
<file href="scormcontent/assets/NsslsDuBygkSJhGv_transcoded-XERqsReMEY4rYwWv-My%20ASU%20-%20Campus%20Resource.mp4" />
<file href="scormcontent/assets/mCW53w-KdfExA4-1_transcoded-S0Dqh59MerzcKjer-MyASU%20-%20Finance%20Tab-00001.png" />
<file href="scormcontent/assets/fowsj7-RFemA2u7G_transcoded-S0Dqh59MerzcKjer-MyASU%20-%20Finance%20Tab.mp4" />
<file href="scormcontent/assets/19Ldv3jNzGk9qgGL_aXehn9umiR37s7_8.jpg" />
<file href="scormcontent/assets/GSobjqKlb-VWE9cW_transcoded-zjPHWtic-GI9tXAO-Canvas%20Course%20-%20Accessibility-00001.png" />
<file href="scormcontent/assets/chmmHVAeurHOTGu3_transcoded-zjPHWtic-GI9tXAO-Canvas%20Course%20-%20Accessibility.mp4" />
<file href="scormcontent/assets/rgIyEosDbczau4it_transcoded-F3yRu-W9gID0RY4n-Canvas%20Course%20-%20Module-00001.png" />
<file href="scormcontent/assets/Dz9_IVoIbDUd7BnW_transcoded-F3yRu-W9gID0RY4n-Canvas%20Course%20-%20Module.mp4" />
<file href="scormcontent/assets/JehSbUirguXgMjeL_transcoded-xTwTckrBXOBKkzdl-Canvas%20Course%20-%20Help%20Button-00001.png" />
<file href="scormcontent/assets/exwENsUO9ukej-89_transcoded-xTwTckrBXOBKkzdl-Canvas%20Course%20-%20Help%20Button.mp4" />
<file href="scormcontent/assets/rK3vGcSph6eLqL6g_transcoded-jxnUmzxtf1dXUVy_-Canvas%20Course%20-%20Calender-00001.png" />
<file href="scormcontent/assets/jvnab0g-PH4MR3xO_transcoded-jxnUmzxtf1dXUVy_-Canvas%20Course%20-%20Calender.mp4" />
<file href="scormcontent/assets/z1sZHFNYAL9opeGI_mountains.jpg" />
<file href="scormcontent/assets/VL-m0xkHSztzHa74_QH140Mu_xlSMoHhW.jpg" />
<file href="scormcontent/assets/MrFU8Nluk10KDn9i_aPJJNZCzkZYSt_Pg.jpg" />
<file href="scormcontent/assets/W4EAAx0YrKhtIjXw_10_creative.jpg" />
<file href="scormcontent/assets/g3xrDeNoswDK0MEx_example-header-image.jpg" />

    </resource>
  </resources>
</manifest>
