<?xml version="1.0" ?>
<manifest identifier="kU0YtReViVjEQGgZJu7p-BsjUNK2AkZNZSYRwokF" version="1"
  xmlns="http://www.imsproject.org/xsd/imscp_rootv1p1p2"
  xmlns:adlcp="http://www.adlnet.org/xsd/adlcp_rootv1p2"
  xmlns:xsi="http://www.w3.org/2001/XMLSchema-instance"
  xsi:schemaLocation="http://www.imsproject.org/xsd/imscp_rootv1p1p2 imscp_rootv1p1p2.xsd
                      http://www.adlnet.org/xsd/adlcp_rootv1p2 adlcp_rootv1p2.xsd">
  <metadata>
    <schema>ADL SCORM</schema>
    <schemaversion>1.2</schemaversion>
    <adlcp:location>metadata.xml</adlcp:location>
  </metadata>
  <organizations default="articulate_rise">
      <organization identifier="articulate_rise">
      <title>Student Community Course</title>
      <item identifier="i1" identifierref="r1" isvisible="true">
        <title>Student Community Course</title>
        <adlcp:datafromlms>eyJjcHYiOiJaU1lSd29rRiIsInJsZCI6ZmFsc2V9</adlcp:datafromlms>
      </item>
    </organization>
  </organizations>
  <resources>
    <resource identifier="r1" type="webcontent" adlcp:scormtype="sco" href="scormdriver/indexAPI.html">
      <!-- SCORMDRIVER STUFF -->
      <file href="scormdriver/indexAPI.html" />
      <file href="scormdriver/preloadIntegrity.js" />
      <file href="scormdriver/driverOptions.js" />
      <file href="scormdriver/AICCComm.html" />
      <file href="scormdriver/auto-scripts/AutoBookmark.js" />
      <file href="scormdriver/auto-scripts/AutoCompleteSCO.js" />
      <file href="scormdriver/auto-scripts/CourseExit.js" />
      <file href="scormdriver/blank.html" />
      <file href="scormdriver/goodbye.html" />
      <file href="scormdriver/scormdriver.js" />
      <file href="scormdriver/browsersniff.js" />

      <!-- RUNTIME COMMON STUFF -->
      <file href="scormcontent/index.html" />

      
        <file href="scormcontent/lib/fonts/icomoon.ttf"/>
        <file href="scormcontent/lib/fonts/icomoon.woff"/>

        <file href="scormcontent/lib/icomoon.css"/>
        <file href="scormcontent/lib/player-0.0.11.min.js"/>
        <file href="scormcontent/lib/lzwcompress.js"/>
      

      <!-- FRONTEND BUNDLE ASSETS -->
      <file href="scormcontent/lib/rise/f2b9240a.js" />
<file href="scormcontent/lib/rise/11732e6a.css" />
<file href="scormcontent/lib/rise/a8d5b75c.js" />
<file href="scormcontent/lib/rise/da55594a.css" />
<file href="scormcontent/lib/rise/b3ef5845.js" />
<file href="scormcontent/lib/rise/eb9bd09f.js" />
<file href="scormcontent/lib/rise/20be7de8.js" />


      <!-- RUNTIME CONTENT STUFF -->
      <file href="scormcontent/lib/fonts/Lato-Black.woff" />
<file href="scormcontent/lib/fonts/Lato-Italic.woff" />
<file href="scormcontent/lib/fonts/Lato-Bold.woff" />
<file href="scormcontent/lib/fonts/Lato-Regular.woff" />
<file href="scormcontent/lib/fonts/Lato-Light.woff" />
<file href="scormcontent/lib/fonts/Merriweather-Black.woff" />
<file href="scormcontent/lib/fonts/Merriweather-Italic.woff" />
<file href="scormcontent/lib/fonts/Merriweather-Bold.woff" />
<file href="scormcontent/lib/fonts/Merriweather-Regular.woff" />
<file href="scormcontent/lib/fonts/Merriweather-Light.woff" />
<file href="scormcontent/assets/GWsS4qWXjUTFRvRQ_small.png" />
<file href="scormcontent/assets/EUFM4eyO7IlVQIGd_NLojYpV5ym8vVrRm.jpg" />
<file href="scormcontent/assets/ZXf5pjggohtRdVkv_7choZaXfnK-GvZ8J.jpg" />
<file href="scormcontent/assets/XNdEl_NYjricEGZU_ocZbYM4GHJB1L5Gy.jpg" />
<file href="scormcontent/assets/q2d4QO6XaW_wm-nm_Dm85IPh3wcc_TwhQ.jpg" />
<file href="scormcontent/assets/J24TT0FB_oY5fpq5_8k4H-wgP4FCPVkhU.jpg" />
<file href="scormcontent/assets/21sgbcSu9oP06H8u_9iDPtmI5bgxcJLKj.jpg" />
<file href="scormcontent/assets/KztHVjZ6fdTuTKsu_MRzS2RB0eYa-grfW.jpg" />
<file href="scormcontent/assets/xMz1ypayPGt9__10_11_misc.jpg" />
<file href="scormcontent/assets/djlg82alLVeUWQqh_11_misc.jpg" />
<file href="scormcontent/assets/wNF6TrYt6Vi-DID7_example-header-image.jpg" />

    </resource>
  </resources>
</manifest>
