<?xml version="1.0" ?>
<manifest identifier="AdrSDVriqMDOnP4IgI55bSsA_4klQcJbUt6l_alW" version="1"
  xmlns="http://www.imsproject.org/xsd/imscp_rootv1p1p2"
  xmlns:adlcp="http://www.adlnet.org/xsd/adlcp_rootv1p2"
  xmlns:xsi="http://www.w3.org/2001/XMLSchema-instance"
  xsi:schemaLocation="http://www.imsproject.org/xsd/imscp_rootv1p1p2 imscp_rootv1p1p2.xsd
                      http://www.adlnet.org/xsd/adlcp_rootv1p2 adlcp_rootv1p2.xsd">
  <metadata>
    <schema>ADL SCORM</schema>
    <schemaversion>1.2</schemaversion>
    <adlcp:location>metadata.xml</adlcp:location>
  </metadata>
  <organizations default="articulate_rise">
      <organization identifier="articulate_rise">
      <title>Learn AZ - Nearby Attraction</title>
      <item identifier="i1" identifierref="r1" isvisible="true">
        <title>Learn AZ - Nearby Attraction</title>
        <adlcp:datafromlms>eyJjcHYiOiJVdDZsX2FsVyIsInJsZCI6ZmFsc2V9</adlcp:datafromlms>
      </item>
    </organization>
  </organizations>
  <resources>
    <resource identifier="r1" type="webcontent" adlcp:scormtype="sco" href="scormdriver/indexAPI.html">
      <!-- SCORMDRIVER STUFF -->
      <file href="scormdriver/indexAPI.html" />
      <file href="scormdriver/preloadIntegrity.js" />
      <file href="scormdriver/driverOptions.js" />
      <file href="scormdriver/AICCComm.html" />
      <file href="scormdriver/auto-scripts/AutoBookmark.js" />
      <file href="scormdriver/auto-scripts/AutoCompleteSCO.js" />
      <file href="scormdriver/auto-scripts/CourseExit.js" />
      <file href="scormdriver/blank.html" />
      <file href="scormdriver/goodbye.html" />
      <file href="scormdriver/scormdriver.js" />
      <file href="scormdriver/browsersniff.js" />

      <!-- RUNTIME COMMON STUFF -->
      <file href="scormcontent/index.html" />

      
        <file href="scormcontent/lib/fonts/icomoon.ttf"/>
        <file href="scormcontent/lib/fonts/icomoon.woff"/>

        <file href="scormcontent/lib/icomoon.css"/>
        <file href="scormcontent/lib/player-0.0.11.min.js"/>
        <file href="scormcontent/lib/lzwcompress.js"/>
      

      <!-- FRONTEND BUNDLE ASSETS -->
      <file href="scormcontent/lib/rise/afd9f0ff.js" />
<file href="scormcontent/lib/rise/11732e6a.css" />
<file href="scormcontent/lib/rise/9e45bfba.js" />
<file href="scormcontent/lib/rise/7c4cd354.css" />
<file href="scormcontent/lib/rise/e8ef13cc.js" />
<file href="scormcontent/lib/rise/eb9bd09f.js" />
<file href="scormcontent/lib/rise/20be7de8.js" />
<file href="scormcontent/lib/mondrian/entry.js" />
<file href="scormcontent/lib/mondrian/b6873211.js" />
<file href="scormcontent/lib/mondrian/c2f6b4b8.js" />
<file href="scormcontent/lib/mondrian/7b2a258a.js" />
<file href="scormcontent/lib/mondrian/18ae508c.js" />
<file href="scormcontent/lib/mondrian/3e40eb79.js" />
<file href="scormcontent/lib/mondrian/cdf9a293.js" />
<file href="scormcontent/lib/mondrian/3f9ba7c0.js" />
<file href="scormcontent/lib/mondrian/07d24945.js" />


      <!-- RUNTIME CONTENT STUFF -->
      <file href="scormcontent/lib/fonts/Lato-Black.woff" />
<file href="scormcontent/lib/fonts/Lato-Italic.woff" />
<file href="scormcontent/lib/fonts/Lato-Bold.woff" />
<file href="scormcontent/lib/fonts/Lato-Regular.woff" />
<file href="scormcontent/lib/fonts/Lato-Light.woff" />
<file href="scormcontent/lib/fonts/Merriweather-Black.woff" />
<file href="scormcontent/lib/fonts/Merriweather-Italic.woff" />
<file href="scormcontent/lib/fonts/Merriweather-Bold.woff" />
<file href="scormcontent/lib/fonts/Merriweather-Regular.woff" />
<file href="scormcontent/lib/fonts/Merriweather-Light.woff" />
<file href="scormcontent/assets/8EB-hfbwlZcj84Jx_small.png" />
<file href="scormcontent/assets/NDFxR-TRWLRFRidN_H_d_z1ZeKXMPO0da.jpg" />
<file href="scormcontent/assets/O8ckTt4gDiy08-O9_mountains.jpg" />
<file href="scormcontent/assets/rKXDb3qT4axmgfNL_C3zfKqX15Z19uxvB.jpg" />
<file href="scormcontent/assets/Xv29osuSi1yP6av2_7B6N9r_0ksh6oaiJ.jpg" />
<file href="scormcontent/assets/G-MXQFqKcBIBFi2-_S9gwVmRdYx4sQo__.jpg" />
<file href="scormcontent/assets/S2P9QeEdNT7S3VY2_Qygq_KIumDwTXIyy.jpg" />
<file href="scormcontent/assets/58vijENL1ft9OqHM_m4taYjeSuzVtz2W7.jpg" />
<file href="scormcontent/assets/gVYraoVka2e8uk_v_nInuasODOMDICviH.jpg" />
<file href="scormcontent/assets/gA-DwOem0iYFPu3s_inuur7YRBVfqHQ0e.jpg" />
<file href="scormcontent/assets/ksKcnvt3BtxVdfJ4_pR8f2KFYYoT5FiMa.jpg" />
<file href="scormcontent/assets/lWYmcSQsZrAnIZHY_BFNUSV9aXYnwuy6y.jpg" />
<file href="scormcontent/assets/uoYn276fr_K_Hhxx_gVUxJttmaAyXB4lb.jpg" />
<file href="scormcontent/assets/g1mciYA9yNdPJaGg_IhI-oSvgsTPBWOOV.jpg" />
<file href="scormcontent/assets/OCVjIJqD2c28bIQh_8yIzSZg67raqtAY5.jpg" />
<file href="scormcontent/assets/COvxOg9gYn5eQwCh_VI2jHG2tGfunQ3Dd.jpg" />
<file href="scormcontent/assets/ZMfeJWDGYAm0qZT5_fajEVQRgLdm6o80r.jpg" />
<file href="scormcontent/assets/JHhITFsqYUAMa-lv_ccF3IPF8f1nxIMvu.jpg" />
<file href="scormcontent/assets/j7-OgnyZfoGpBLO0_jS6rcLW5_9RziMcu.jpg" />
<file href="scormcontent/assets/h7tGDCB8rTBi1u9p_lDdOah35YkrO7Wog.jpg" />
<file href="scormcontent/assets/XQPD-K5xav2YuTPN_fl-C3w-px2EgTX1e.jpg" />
<file href="scormcontent/assets/X1n6eoyehMyuS4tt_2eWBoxOw5A3-7AxR.jpg" />
<file href="scormcontent/assets/HfFfD11NN7WNng81_JYeQkDY3s4-w2gJg.jpg" />
<file href="scormcontent/assets/WwGdNEAPPW6EPpIE_axgT3dFiyCr6-GX-.jpg" />
<file href="scormcontent/assets/DZf1pb8DJEbFLHH7_qifn58IP5PY162uF.jpg" />
<file href="scormcontent/assets/sDtpfJEyJW07CneX_ETnW8Jlc3JvSj12W.jpg" />
<file href="scormcontent/assets/7YKZxwsJ5GD89lWS_-_vhEukorNY2j6b0.jpg" />
<file href="scormcontent/assets/X52shw2jLtJ36B4k_5VIwcl99siXLVEQP.jpg" />
<file href="scormcontent/assets/ZcSOVEK7hcd0XSso_vDedGFRB_wWBsKL4.jpg" />
<file href="scormcontent/assets/igKnet4q_aVONyqy_Mk6XiunUsqd8bphy.jpg" />
<file href="scormcontent/assets/uLZAS9kiCJHoBONT_QQe-idaqjcckxqtf.jpg" />
<file href="scormcontent/assets/EIBCQEBFvwwDXjPs_Ol1wuuKsDySt0wwn.jpg" />
<file href="scormcontent/assets/bXOt2PUoj1Z-LmAy_kLODelbGgvqjl9hm.jpg" />
<file href="scormcontent/assets/gxmh8WtS-20mDiHh_aRY5I5V-1QARRe80.jpg" />
<file href="scormcontent/assets/g5hNt3Ba6xThj6K6_TQx9B82VrwY_r7xY.jpg" />
<file href="scormcontent/assets/SPE2bnPCTR-9O8IC_DC0PCUUh4n-QPt4t.jpg" />
<file href="scormcontent/assets/Im0dM9EhEe3ITVUE_QrYIzgpvverp-NpY.jpg" />
<file href="scormcontent/assets/0oc8SPF9-lRyjOKb_SgD53_3nMG12X2OW.jpg" />
<file href="scormcontent/assets/spRWVHxiSxcJLi5O_0GPc1S2ebXwcBSnk.jpg" />
<file href="scormcontent/assets/Gk0XSnykyzGzjoca_op4OxVfRH0a3iWBL.jpg" />
<file href="scormcontent/assets/xa9Zwa17U0nhRTRX_n4QmV7SyBQW3JwcE.jpg" />
<file href="scormcontent/assets/9K70Rl7PNW6zrRFE_0cicpivwG4EfTFlf.jpg" />
<file href="scormcontent/assets/SIvMPMz0js10ZFFK_3_XqYiQRD3-wK16G.jpg" />
<file href="scormcontent/assets/94iQxaVSzV_qJ5ql_6_whjfLgn7QZxZTT.jpg" />
<file href="scormcontent/assets/hRVvgkPJxQZNGgQJ_5eDzk35Eom_EsQ7H.jpg" />
<file href="scormcontent/assets/4iR2zE8k7JJnJcV4_dlnU4DuoAOMxw4_v.jpg" />
<file href="scormcontent/assets/H6okn1zv8T1ENgz6_Ruihde3h6_uEkF_c.jpg" />
<file href="scormcontent/assets/T8LGiTsseBiG4Qhi_Bih8TFYgdC8J0pfJ.jpg" />
<file href="scormcontent/assets/vZBkx_PVkoq2q4sx_em19YyxpfBy3nQ7P.jpg" />
<file href="scormcontent/assets/IiAXJOlVpnHfSnA0_08cuBm8DXG1qVRri.jpg" />
<file href="scormcontent/assets/VqoDnMcQfB5Ndjbk_J72GkYUvy4LJyxoH.jpg" />
<file href="scormcontent/assets/4yZNjwQqthJ_gmte_ZDF28BYwirukdnan.jpg" />
<file href="scormcontent/assets/APIlePQy2zHrkNrI_9ppz7UjkU2I3itlt.jpg" />
<file href="scormcontent/assets/zWNlI8GBL8s7nfny_DnfyWmn0MuG65RJY.jpg" />
<file href="scormcontent/assets/HcEtjSKPPgpXFUjS_0TwqOFLMRhavcyAX.jpg" />
<file href="scormcontent/assets/r7GRN4UaizDbkMvv_AUK6Z5Jlvbp3fs1l.jpg" />
<file href="scormcontent/assets/Eagj92YTzoeNl73__YWqs2QohmWETdZVn.jpg" />
<file href="scormcontent/assets/Gsz0JFH1c8_Ujz24_4-B_3LeNLXoCuOkN.jpg" />
<file href="scormcontent/assets/XQjnSP7aqjEX9CQ3_14_creative.jpg" />
<file href="scormcontent/assets/B-NYMR9Pqhr6mJCp_14_creative.jpg" />
<file href="scormcontent/assets/FMaI6skF5p_2_iYI_example-header-image.jpg" />

    </resource>
  </resources>
</manifest>
