<?xml version="1.0" ?>
<manifest identifier="TsZ09Qngqoo8JvlHaMM19QMWy4dh6W0bOkAwqvTQ" version="1"
  xmlns="http://www.imsproject.org/xsd/imscp_rootv1p1p2"
  xmlns:adlcp="http://www.adlnet.org/xsd/adlcp_rootv1p2"
  xmlns:xsi="http://www.w3.org/2001/XMLSchema-instance"
  xsi:schemaLocation="http://www.imsproject.org/xsd/imscp_rootv1p1p2 imscp_rootv1p1p2.xsd
                      http://www.adlnet.org/xsd/adlcp_rootv1p2 adlcp_rootv1p2.xsd">
  <metadata>
    <schema>ADL SCORM</schema>
    <schemaversion>1.2</schemaversion>
    <adlcp:location>metadata.xml</adlcp:location>
  </metadata>
  <organizations default="articulate_rise">
      <organization identifier="articulate_rise">
      <title>Global Professional Preparation Academy (GPPA)</title>
      <item identifier="i1" identifierref="r1" isvisible="true">
        <title>Global Professional Preparation Academy (GPPA)</title>
        <adlcp:datafromlms>eyJjcHYiOiJPa0F3cXZUUSIsInJsZCI6ZmFsc2V9</adlcp:datafromlms>
      </item>
    </organization>
  </organizations>
  <resources>
    <resource identifier="r1" type="webcontent" adlcp:scormtype="sco" href="scormdriver/indexAPI.html">
      <!-- SCORMDRIVER STUFF -->
      <file href="scormdriver/indexAPI.html" />
      <file href="scormdriver/preloadIntegrity.js" />
      <file href="scormdriver/driverOptions.js" />
      <file href="scormdriver/AICCComm.html" />
      <file href="scormdriver/auto-scripts/AutoBookmark.js" />
      <file href="scormdriver/auto-scripts/AutoCompleteSCO.js" />
      <file href="scormdriver/auto-scripts/CourseExit.js" />
      <file href="scormdriver/blank.html" />
      <file href="scormdriver/goodbye.html" />
      <file href="scormdriver/scormdriver.js" />
      <file href="scormdriver/browsersniff.js" />

      <!-- RUNTIME COMMON STUFF -->
      <file href="scormcontent/index.html" />

      
        <file href="scormcontent/lib/fonts/icomoon.ttf"/>
        <file href="scormcontent/lib/fonts/icomoon.woff"/>

        <file href="scormcontent/lib/icomoon.css"/>
        <file href="scormcontent/lib/player-0.0.11.min.js"/>
        <file href="scormcontent/lib/lzwcompress.js"/>
      

      <!-- FRONTEND BUNDLE ASSETS -->
      <file href="scormcontent/lib/rise/c69c8fbe.js" />
<file href="scormcontent/lib/rise/11732e6a.css" />
<file href="scormcontent/lib/rise/a8d5b75c.js" />
<file href="scormcontent/lib/rise/3803cab1.css" />
<file href="scormcontent/lib/rise/c1ff43a7.js" />
<file href="scormcontent/lib/rise/eb9bd09f.js" />
<file href="scormcontent/lib/rise/20be7de8.js" />
<file href="scormcontent/lib/mondrian/entry.js" />
<file href="scormcontent/lib/mondrian/daef1d75.js" />
<file href="scormcontent/lib/mondrian/42b5616c.js" />
<file href="scormcontent/lib/mondrian/dd43309a.js" />
<file href="scormcontent/lib/mondrian/dd43309a.js" />
<file href="scormcontent/lib/mondrian/dbcf15f7.js" />
<file href="scormcontent/lib/mondrian/dd43309a.js" />
<file href="scormcontent/lib/mondrian/3a27456b.js" />
<file href="scormcontent/lib/mondrian/dd43309a.js" />
<file href="scormcontent/lib/mondrian/2d2b02a0.js" />
<file href="scormcontent/lib/mondrian/dd43309a.js" />
<file href="scormcontent/lib/mondrian/fa4a2a91.js" />
<file href="scormcontent/lib/mondrian/dd43309a.js" />
<file href="scormcontent/lib/mondrian/331b35c0.js" />
<file href="scormcontent/lib/wb/entry.js" />
<file href="scormcontent/lib/wb/d4168b22.js" />
<file href="scormcontent/lib/wb/fadc459f.js" />
<file href="scormcontent/lib/wb/d4168b22.js" />
<file href="scormcontent/lib/wb/ae9f88e9.js" />
<file href="scormcontent/lib/wb/b92601c5.js" />
<file href="scormcontent/lib/wb/d4168b22.js" />
<file href="scormcontent/lib/wb/ae9f88e9.js" />
<file href="scormcontent/lib/wb/467c7226.css" />
<file href="scormcontent/lib/wb/d445416d.js" />


      <!-- RUNTIME CONTENT STUFF -->
      <file href="scormcontent/lib/fonts/Lato-Black.woff" />
<file href="scormcontent/lib/fonts/Lato-Italic.woff" />
<file href="scormcontent/lib/fonts/Lato-Bold.woff" />
<file href="scormcontent/lib/fonts/Lato-Regular.woff" />
<file href="scormcontent/lib/fonts/Lato-Light.woff" />
<file href="scormcontent/lib/fonts/Merriweather-Black.woff" />
<file href="scormcontent/lib/fonts/Merriweather-Italic.woff" />
<file href="scormcontent/lib/fonts/Merriweather-Bold.woff" />
<file href="scormcontent/lib/fonts/Merriweather-Regular.woff" />
<file href="scormcontent/lib/fonts/Merriweather-Light.woff" />
<file href="scormcontent/assets/p3BFLH0quqhy87Qq_small.png" />
<file href="scormcontent/assets/1x9phV29KUx1-Qvu_mountains.jpg" />
<file href="scormcontent/assets/A28RqE4wsYd8CmOo_16_cities.jpg" />
<file href="scormcontent/assets/GruGyNcOfkqaMuko_16_cities.jpg" />
<file href="scormcontent/assets/qNkVb8odckl4oqtW_example-header-image.jpg" />

    </resource>
  </resources>
</manifest>
