<?xml version="1.0" ?>
<manifest identifier="AOVId5e-DD919ABvI4frNZj4rlvIsujsFOY55bz_" version="1"
  xmlns="http://www.imsproject.org/xsd/imscp_rootv1p1p2"
  xmlns:adlcp="http://www.adlnet.org/xsd/adlcp_rootv1p2"
  xmlns:xsi="http://www.w3.org/2001/XMLSchema-instance"
  xsi:schemaLocation="http://www.imsproject.org/xsd/imscp_rootv1p1p2 imscp_rootv1p1p2.xsd
                      http://www.adlnet.org/xsd/adlcp_rootv1p2 adlcp_rootv1p2.xsd">
  <metadata>
    <schema>ADL SCORM</schema>
    <schemaversion>1.2</schemaversion>
    <adlcp:location>metadata.xml</adlcp:location>
  </metadata>
  <organizations default="articulate_rise">
      <organization identifier="articulate_rise">
      <title>First-Year Pre-Orientation Course</title>
      <item identifier="i1" identifierref="r1" isvisible="true">
        <title>First-Year Pre-Orientation Course</title>
        <adlcp:datafromlms>eyJjcHYiOiJGT1k1NWJ6XyIsInJsZCI6ZmFsc2V9</adlcp:datafromlms>
      </item>
    </organization>
  </organizations>
  <resources>
    <resource identifier="r1" type="webcontent" adlcp:scormtype="sco" href="scormdriver/indexAPI.html">
      <!-- SCORMDRIVER STUFF -->
      <file href="scormdriver/indexAPI.html" />
      <file href="scormdriver/preloadIntegrity.js" />
      <file href="scormdriver/driverOptions.js" />
      <file href="scormdriver/AICCComm.html" />
      <file href="scormdriver/auto-scripts/AutoBookmark.js" />
      <file href="scormdriver/auto-scripts/AutoCompleteSCO.js" />
      <file href="scormdriver/auto-scripts/CourseExit.js" />
      <file href="scormdriver/blank.html" />
      <file href="scormdriver/goodbye.html" />
      <file href="scormdriver/scormdriver.js" />
      <file href="scormdriver/browsersniff.js" />

      <!-- RUNTIME COMMON STUFF -->
      <file href="scormcontent/index.html" />

      
        <file href="scormcontent/lib/fonts/icomoon.ttf"/>
        <file href="scormcontent/lib/fonts/icomoon.woff"/>

        <file href="scormcontent/lib/icomoon.css"/>
        <file href="scormcontent/lib/player-0.0.11.min.js"/>
        <file href="scormcontent/lib/lzwcompress.js"/>
      

      <!-- FRONTEND BUNDLE ASSETS -->
      <file href="scormcontent/lib/rise/60632d6c.js" />
<file href="scormcontent/lib/rise/11732e6a.css" />
<file href="scormcontent/lib/rise/a8d5b75c.js" />
<file href="scormcontent/lib/rise/44f464de.css" />
<file href="scormcontent/lib/rise/d6acb772.js" />
<file href="scormcontent/lib/rise/eb9bd09f.js" />
<file href="scormcontent/lib/rise/20be7de8.js" />


      <!-- RUNTIME CONTENT STUFF -->
      <file href="scormcontent/lib/fonts/Lato-Black.woff" />
<file href="scormcontent/lib/fonts/Lato-Italic.woff" />
<file href="scormcontent/lib/fonts/Lato-Bold.woff" />
<file href="scormcontent/lib/fonts/Lato-Regular.woff" />
<file href="scormcontent/lib/fonts/Lato-Light.woff" />
<file href="scormcontent/lib/fonts/Merriweather-Black.woff" />
<file href="scormcontent/lib/fonts/Merriweather-Italic.woff" />
<file href="scormcontent/lib/fonts/Merriweather-Bold.woff" />
<file href="scormcontent/lib/fonts/Merriweather-Regular.woff" />
<file href="scormcontent/lib/fonts/Merriweather-Light.woff" />
<file href="scormcontent/assets/v9oBrc9nORzKqS67_small.png" />
<file href="scormcontent/assets/vzhKsrDrsruy-vqe_b9et40ONugWVqZvK.jpg" />
<file href="scormcontent/assets/iZQlMDKSTjUCATm8_G-DC0p0GXSY4T6eB.jpg" />
<file href="scormcontent/assets/h_xDWgLQ6vWiZVeW_transcoded-eXLb42viaAk9dOF8-MY%20ASU%20-%20Background-00001.png" />
<file href="scormcontent/assets/cAa34t4Go4RY9IkT_transcoded-eXLb42viaAk9dOF8-MY%20ASU%20-%20Background.mp4" />
<file href="scormcontent/assets/NQjUGfI4OnkR4Bnd_transcoded-bp-N6uDQE_6JgJAO-MyASU%20-%20My%20Classes-00001.png" />
<file href="scormcontent/assets/sLOGVZUotFESd-f3_transcoded-bp-N6uDQE_6JgJAO-MyASU%20-%20My%20Classes.mp4" />
<file href="scormcontent/assets/XX614oLE-limoTiU_transcoded-zA40eFLbnGczO5vu-MyASU%20-%20My%20Profile%20%281%29-00001.png" />
<file href="scormcontent/assets/m7J0nqHhjLJyuJfQ_transcoded-zA40eFLbnGczO5vu-MyASU%20-%20My%20Profile%20%281%29.mp4" />
<file href="scormcontent/assets/KGig3HFnjVW2K_eg_transcoded-S0Dqh59MerzcKjer-MyASU%20-%20Finance%20Tab-00001.png" />
<file href="scormcontent/assets/NSF1A_kLznHfr8N9_transcoded-S0Dqh59MerzcKjer-MyASU%20-%20Finance%20Tab.mp4" />
<file href="scormcontent/assets/gA7leLh6GCDZNIYt_aXehn9umiR37s7_8.jpg" />
<file href="scormcontent/assets/FcHuHr3UVH9h1CVh_mountains.jpg" />
<file href="scormcontent/assets/LEeHJZiF-fvQn_wo_tf7iqvesnl1Zi4tt.jpg" />
<file href="scormcontent/assets/41FbU3WYnWX1AMeN_YgtlMRMcpGUm_U25.jpg" />
<file href="scormcontent/assets/YS3MhetiufNID-jj_3GNX3we3qIewzXvY.jpg" />
<file href="scormcontent/assets/WQj8lvajpKpm_ZqH_QH140Mu_xlSMoHhW.jpg" />
<file href="scormcontent/assets/Xq7hqhkG1cqWFGMN_aPJJNZCzkZYSt_Pg.jpg" />
<file href="scormcontent/assets/y49sIPU5Gue0byA6_10_creative.jpg" />
<file href="scormcontent/assets/Xnn2pgEzQ1TWWc7L_example-header-image.jpg" />

    </resource>
  </resources>
</manifest>
