<?xml version="1.0" ?>
<manifest identifier="ObiyH4Bc-gmkXgdDULcNhoge3nyMubDkn-KFvuor" version="1"
  xmlns="http://www.imsproject.org/xsd/imscp_rootv1p1p2"
  xmlns:adlcp="http://www.adlnet.org/xsd/adlcp_rootv1p2"
  xmlns:xsi="http://www.w3.org/2001/XMLSchema-instance"
  xsi:schemaLocation="http://www.imsproject.org/xsd/imscp_rootv1p1p2 imscp_rootv1p1p2.xsd
                      http://www.adlnet.org/xsd/adlcp_rootv1p2 adlcp_rootv1p2.xsd">
  <metadata>
    <schema>ADL SCORM</schema>
    <schemaversion>1.2</schemaversion>
    <adlcp:location>metadata.xml</adlcp:location>
  </metadata>
  <organizations default="articulate_rise">
      <organization identifier="articulate_rise">
      <title>First-Year Orientation &amp; After Course</title>
      <item identifier="i1" identifierref="r1" isvisible="true">
        <title>First-Year Orientation &amp; After Course</title>
        <adlcp:datafromlms>eyJjcHYiOiJuLUtGdnVvciIsInJsZCI6ZmFsc2V9</adlcp:datafromlms>
      </item>
    </organization>
  </organizations>
  <resources>
    <resource identifier="r1" type="webcontent" adlcp:scormtype="sco" href="scormdriver/indexAPI.html">
      <!-- SCORMDRIVER STUFF -->
      <file href="scormdriver/indexAPI.html" />
      <file href="scormdriver/preloadIntegrity.js" />
      <file href="scormdriver/driverOptions.js" />
      <file href="scormdriver/AICCComm.html" />
      <file href="scormdriver/auto-scripts/AutoBookmark.js" />
      <file href="scormdriver/auto-scripts/AutoCompleteSCO.js" />
      <file href="scormdriver/auto-scripts/CourseExit.js" />
      <file href="scormdriver/blank.html" />
      <file href="scormdriver/goodbye.html" />
      <file href="scormdriver/scormdriver.js" />
      <file href="scormdriver/browsersniff.js" />

      <!-- RUNTIME COMMON STUFF -->
      <file href="scormcontent/index.html" />

      
        <file href="scormcontent/lib/fonts/icomoon.ttf"/>
        <file href="scormcontent/lib/fonts/icomoon.woff"/>

        <file href="scormcontent/lib/icomoon.css"/>
        <file href="scormcontent/lib/player-0.0.11.min.js"/>
        <file href="scormcontent/lib/lzwcompress.js"/>
      

      <!-- FRONTEND BUNDLE ASSETS -->
      <file href="scormcontent/lib/rise/fec8a0ba.js" />
<file href="scormcontent/lib/rise/11732e6a.css" />
<file href="scormcontent/lib/rise/a8d5b75c.js" />
<file href="scormcontent/lib/rise/101d0c62.css" />
<file href="scormcontent/lib/rise/23bf3071.js" />
<file href="scormcontent/lib/rise/eb9bd09f.js" />
<file href="scormcontent/lib/rise/20be7de8.js" />


      <!-- RUNTIME CONTENT STUFF -->
      <file href="scormcontent/lib/fonts/Lato-Black.woff" />
<file href="scormcontent/lib/fonts/Lato-Italic.woff" />
<file href="scormcontent/lib/fonts/Lato-Bold.woff" />
<file href="scormcontent/lib/fonts/Lato-Regular.woff" />
<file href="scormcontent/lib/fonts/Lato-Light.woff" />
<file href="scormcontent/lib/fonts/Merriweather-Black.woff" />
<file href="scormcontent/lib/fonts/Merriweather-Italic.woff" />
<file href="scormcontent/lib/fonts/Merriweather-Bold.woff" />
<file href="scormcontent/lib/fonts/Merriweather-Regular.woff" />
<file href="scormcontent/lib/fonts/Merriweather-Light.woff" />
<file href="scormcontent/assets/2gVg8-5wMLmuailh_small.png" />
<file href="scormcontent/assets/gV1ciXgs87OZBzYA_vac9VSfsNrcGz73a.jpg" />
<file href="scormcontent/assets/R9UhTlrncVU2zB-2_IaPQuFw1BcrQuQlp.jpg" />
<file href="scormcontent/assets/CgirrIW5baV0LQvg_mountains.jpg" />
<file href="scormcontent/assets/TsbPf9WdlcW1kyIP_6knAJmS1PRQ_7Owi.png" />
<file href="scormcontent/assets/DDOS8CKrmzzTy5YN_18_wfh.jpg" />
<file href="scormcontent/assets/qi2qH2P3l3EwIFtF_18_wfh.jpg" />
<file href="scormcontent/assets/iWD_hX6HzA29szM0_example-header-image.jpg" />
<file href="scormcontent/assets/ytbcztLIt_0CFMel_182_full.png" />
<file href="scormcontent/assets/28M5uDYf7SQ4odEj_106_full.png" />
<file href="scormcontent/assets/IqnBjYHjuYegMaAd_136_full.png" />
<file href="scormcontent/assets/w-5FYAe0E183w2LL_158_full.png" />
<file href="scormcontent/assets/Vo__LOB8Av-92VMc_166_full.png" />
<file href="scormcontent/assets/LMurbwXZV2Gnwhzn_141_full.png" />
<file href="scormcontent/assets/b5BwpDGZGlvDf255_167_full.png" />
<file href="scormcontent/assets/Cz7VB0ALw7W-Wz2A_148_full.png" />
<file href="scormcontent/assets/w1as4NKJEFndoFLq_156_full.png" />
<file href="scormcontent/assets/4SX00eOXyIt162S3_186_full.png" />
<file href="scormcontent/assets/XTdq5fFgKEjvcy9__146_full.png" />
<file href="scormcontent/assets/UzqikKeYhCXlkKmF_181_full.png" />

    </resource>
  </resources>
</manifest>
