<?xml version="1.0" ?>
<manifest identifier="ObiyH4Bc-gmkXgdDULcNhoge3nyMubDktx7YIZXk" version="1"
  xmlns="http://www.imsproject.org/xsd/imscp_rootv1p1p2"
  xmlns:adlcp="http://www.adlnet.org/xsd/adlcp_rootv1p2"
  xmlns:xsi="http://www.w3.org/2001/XMLSchema-instance"
  xsi:schemaLocation="http://www.imsproject.org/xsd/imscp_rootv1p1p2 imscp_rootv1p1p2.xsd
                      http://www.adlnet.org/xsd/adlcp_rootv1p2 adlcp_rootv1p2.xsd">
  <metadata>
    <schema>ADL SCORM</schema>
    <schemaversion>1.2</schemaversion>
    <adlcp:location>metadata.xml</adlcp:location>
  </metadata>
  <organizations default="articulate_rise">
      <organization identifier="articulate_rise">
      <title>First-Year Orientation &amp; After Course</title>
      <item identifier="i1" identifierref="r1" isvisible="true">
        <title>First-Year Orientation &amp; After Course</title>
        <adlcp:datafromlms>eyJjcHYiOiJ0eDdZSVpYayIsInJsZCI6ZmFsc2V9</adlcp:datafromlms>
      </item>
    </organization>
  </organizations>
  <resources>
    <resource identifier="r1" type="webcontent" adlcp:scormtype="sco" href="scormdriver/indexAPI.html">
      <!-- SCORMDRIVER STUFF -->
      <file href="scormdriver/indexAPI.html" />
      <file href="scormdriver/preloadIntegrity.js" />
      <file href="scormdriver/driverOptions.js" />
      <file href="scormdriver/AICCComm.html" />
      <file href="scormdriver/auto-scripts/AutoBookmark.js" />
      <file href="scormdriver/auto-scripts/AutoCompleteSCO.js" />
      <file href="scormdriver/auto-scripts/CourseExit.js" />
      <file href="scormdriver/blank.html" />
      <file href="scormdriver/goodbye.html" />
      <file href="scormdriver/scormdriver.js" />
      <file href="scormdriver/browsersniff.js" />

      <!-- RUNTIME COMMON STUFF -->
      <file href="scormcontent/index.html" />

      
        <file href="scormcontent/lib/fonts/icomoon.ttf"/>
        <file href="scormcontent/lib/fonts/icomoon.woff"/>

        <file href="scormcontent/lib/icomoon.css"/>
        <file href="scormcontent/lib/player-0.0.11.min.js"/>
        <file href="scormcontent/lib/lzwcompress.js"/>
      

      <!-- FRONTEND BUNDLE ASSETS -->
      <file href="scormcontent/lib/rise/ba6188e1.js" />
<file href="scormcontent/lib/rise/11732e6a.css" />
<file href="scormcontent/lib/rise/a8d5b75c.js" />
<file href="scormcontent/lib/rise/e922cc8e.css" />
<file href="scormcontent/lib/rise/5f9d7466.js" />
<file href="scormcontent/lib/rise/eb9bd09f.js" />
<file href="scormcontent/lib/rise/20be7de8.js" />


      <!-- RUNTIME CONTENT STUFF -->
      <file href="scormcontent/lib/fonts/Lato-Black.woff" />
<file href="scormcontent/lib/fonts/Lato-Italic.woff" />
<file href="scormcontent/lib/fonts/Lato-Bold.woff" />
<file href="scormcontent/lib/fonts/Lato-Regular.woff" />
<file href="scormcontent/lib/fonts/Lato-Light.woff" />
<file href="scormcontent/lib/fonts/Merriweather-Black.woff" />
<file href="scormcontent/lib/fonts/Merriweather-Italic.woff" />
<file href="scormcontent/lib/fonts/Merriweather-Bold.woff" />
<file href="scormcontent/lib/fonts/Merriweather-Regular.woff" />
<file href="scormcontent/lib/fonts/Merriweather-Light.woff" />
<file href="scormcontent/assets/qeM5boSmUZymIESK_small.png" />
<file href="scormcontent/assets/Vx8fy1i8cHFegpty_vac9VSfsNrcGz73a.jpg" />
<file href="scormcontent/assets/8mzwH0uy8c_zRDMb_IaPQuFw1BcrQuQlp.jpg" />
<file href="scormcontent/assets/eCQX5rQXmrPL4S_P_mountains.jpg" />
<file href="scormcontent/assets/vSVxrAuuPFP1HYI9_6knAJmS1PRQ_7Owi.png" />
<file href="scormcontent/assets/nTXHeB5d3R_avqJK_YJtExBWER346esol.jpg" />
<file href="scormcontent/assets/TNfzSJKoUpEoM_Um_TOVqEPZ2JkPTa2yN.jpg" />
<file href="scormcontent/assets/1ATfyG1RPlALE51j_SB7O0eT-r75m4030.jpg" />
<file href="scormcontent/assets/zJJc9USV-oET_sEp_LuvoyQA0iK1e1-JD.jpg" />
<file href="scormcontent/assets/VRVoXUZz4b1SuAXj_meL7vWHIOlf6mV-E.jpg" />
<file href="scormcontent/assets/hb2Ckog4r63dYbpg_18_wfh.jpg" />
<file href="scormcontent/assets/jVGLLKNpjmDLC76P_18_wfh.jpg" />
<file href="scormcontent/assets/qNA6axiKTmZyVRJb_example-header-image.jpg" />
<file href="scormcontent/assets/RQ9uB1avkEeRurPt_182_full.png" />
<file href="scormcontent/assets/kAZi6cPdrtZsEuyY_106_full.png" />
<file href="scormcontent/assets/15AeavhyuUlOmDDT_136_full.png" />
<file href="scormcontent/assets/fMzTvpDi4SipYDyl_158_full.png" />
<file href="scormcontent/assets/MkRQIKk1a7QYISGg_166_full.png" />
<file href="scormcontent/assets/PUK8M8EIV3Eq5Ncx_141_full.png" />
<file href="scormcontent/assets/2hm7GD5y_vLgUk2G_167_full.png" />
<file href="scormcontent/assets/YNdGfHralQrT5DT__148_full.png" />
<file href="scormcontent/assets/Iiemaq0QABxBqQFH_156_full.png" />
<file href="scormcontent/assets/NwQ3Ld6HiwSZy9g9_186_full.png" />
<file href="scormcontent/assets/tlg4jnRetnOIZTwR_146_full.png" />
<file href="scormcontent/assets/9sJxg-W3vBSAC87d_181_full.png" />

    </resource>
  </resources>
</manifest>
