<?xml version="1.0" ?>
<manifest identifier="A5XLYvvRJV7PknihgCQ7-fwMZvL3VkHr2G0gbeaU" version="1"
  xmlns="http://www.imsproject.org/xsd/imscp_rootv1p1p2"
  xmlns:adlcp="http://www.adlnet.org/xsd/adlcp_rootv1p2"
  xmlns:xsi="http://www.w3.org/2001/XMLSchema-instance"
  xsi:schemaLocation="http://www.imsproject.org/xsd/imscp_rootv1p1p2 imscp_rootv1p1p2.xsd
                      http://www.adlnet.org/xsd/adlcp_rootv1p2 adlcp_rootv1p2.xsd">
  <metadata>
    <schema>ADL SCORM</schema>
    <schemaversion>1.2</schemaversion>
    <adlcp:location>metadata.xml</adlcp:location>
  </metadata>
  <organizations default="articulate_rise">
      <organization identifier="articulate_rise">
      <title>Grad Orientation &amp; After Course</title>
      <item identifier="i1" identifierref="r1" isvisible="true">
        <title>Grad Orientation &amp; After Course</title>
        <adlcp:datafromlms>eyJjcHYiOiIyRzBnYmVhVSIsInJsZCI6ZmFsc2V9</adlcp:datafromlms>
      </item>
    </organization>
  </organizations>
  <resources>
    <resource identifier="r1" type="webcontent" adlcp:scormtype="sco" href="scormdriver/indexAPI.html">
      <!-- SCORMDRIVER STUFF -->
      <file href="scormdriver/indexAPI.html" />
      <file href="scormdriver/preloadIntegrity.js" />
      <file href="scormdriver/driverOptions.js" />
      <file href="scormdriver/AICCComm.html" />
      <file href="scormdriver/auto-scripts/AutoBookmark.js" />
      <file href="scormdriver/auto-scripts/AutoCompleteSCO.js" />
      <file href="scormdriver/auto-scripts/CourseExit.js" />
      <file href="scormdriver/blank.html" />
      <file href="scormdriver/goodbye.html" />
      <file href="scormdriver/scormdriver.js" />
      <file href="scormdriver/browsersniff.js" />

      <!-- RUNTIME COMMON STUFF -->
      <file href="scormcontent/index.html" />

      
        <file href="scormcontent/lib/fonts/icomoon.ttf"/>
        <file href="scormcontent/lib/fonts/icomoon.woff"/>

        <file href="scormcontent/lib/icomoon.css"/>
        <file href="scormcontent/lib/player-0.0.11.min.js"/>
        <file href="scormcontent/lib/lzwcompress.js"/>
      

      <!-- FRONTEND BUNDLE ASSETS -->
      <file href="scormcontent/lib/rise/a9884e11.js" />
<file href="scormcontent/lib/rise/11732e6a.css" />
<file href="scormcontent/lib/rise/a8d5b75c.js" />
<file href="scormcontent/lib/rise/4fc630f5.css" />
<file href="scormcontent/lib/rise/691db849.js" />
<file href="scormcontent/lib/rise/eb9bd09f.js" />
<file href="scormcontent/lib/rise/20be7de8.js" />


      <!-- RUNTIME CONTENT STUFF -->
      <file href="scormcontent/lib/fonts/Lato-Black.woff" />
<file href="scormcontent/lib/fonts/Lato-Italic.woff" />
<file href="scormcontent/lib/fonts/Lato-Bold.woff" />
<file href="scormcontent/lib/fonts/Lato-Regular.woff" />
<file href="scormcontent/lib/fonts/Lato-Light.woff" />
<file href="scormcontent/lib/fonts/Merriweather-Black.woff" />
<file href="scormcontent/lib/fonts/Merriweather-Italic.woff" />
<file href="scormcontent/lib/fonts/Merriweather-Bold.woff" />
<file href="scormcontent/lib/fonts/Merriweather-Regular.woff" />
<file href="scormcontent/lib/fonts/Merriweather-Light.woff" />
<file href="scormcontent/assets/n-yBE_hOlc6pldS0_small.png" />
<file href="scormcontent/assets/ANlE3SeHDeqT9qQL_vac9VSfsNrcGz73a.jpg" />
<file href="scormcontent/assets/hPkvCnk1t58ZqUuu_mountains.jpg" />
<file href="scormcontent/assets/ppSC48ICwhL0Ecob_XqH5xY1oyhpU8U9M.png" />
<file href="scormcontent/assets/3-Dy7Oed3ZICPfs5_6knAJmS1PRQ_7Owi.png" />
<file href="scormcontent/assets/0vEAch6RTctmry9A_YJtExBWER346esol.jpg" />
<file href="scormcontent/assets/RtMVprAY8lsIocXv_TOVqEPZ2JkPTa2yN.jpg" />
<file href="scormcontent/assets/rBx-pClw8rU1hlb5_SB7O0eT-r75m4030.jpg" />
<file href="scormcontent/assets/YvdmdIKj4PDkNyOb_LuvoyQA0iK1e1-JD.jpg" />
<file href="scormcontent/assets/xCozz7maitbWeh8R_meL7vWHIOlf6mV-E.jpg" />
<file href="scormcontent/assets/FAC6Bo0eRhvakmeG_18_wfh.jpg" />
<file href="scormcontent/assets/Fxm9cP_-vU1rcw9I_18_wfh.jpg" />
<file href="scormcontent/assets/KJ-TbCpvrxhMB56c_example-header-image.jpg" />

    </resource>
  </resources>
</manifest>
