<?xml version="1.0" ?>
<manifest identifier="l-AqOCZV5uTFkIdq9IF4OGhbvB4QjUWkTbTZSOG9" version="1"
  xmlns="http://www.imsproject.org/xsd/imscp_rootv1p1p2"
  xmlns:adlcp="http://www.adlnet.org/xsd/adlcp_rootv1p2"
  xmlns:xsi="http://www.w3.org/2001/XMLSchema-instance"
  xsi:schemaLocation="http://www.imsproject.org/xsd/imscp_rootv1p1p2 imscp_rootv1p1p2.xsd
                      http://www.adlnet.org/xsd/adlcp_rootv1p2 adlcp_rootv1p2.xsd">
  <metadata>
    <schema>ADL SCORM</schema>
    <schemaversion>1.2</schemaversion>
    <adlcp:location>metadata.xml</adlcp:location>
  </metadata>
  <organizations default="articulate_rise">
      <organization identifier="articulate_rise">
      <title>Winter Holidays</title>
      <item identifier="i1" identifierref="r1" isvisible="true">
        <title>Winter Holidays</title>
        <adlcp:datafromlms>eyJjcHYiOiJUYlRaU09HOSIsInJsZCI6ZmFsc2V9</adlcp:datafromlms>
      </item>
    </organization>
  </organizations>
  <resources>
    <resource identifier="r1" type="webcontent" adlcp:scormtype="sco" href="scormdriver/indexAPI.html">
      <!-- SCORMDRIVER STUFF -->
      <file href="scormdriver/indexAPI.html" />
      <file href="scormdriver/preloadIntegrity.js" />
      <file href="scormdriver/driverOptions.js" />
      <file href="scormdriver/AICCComm.html" />
      <file href="scormdriver/auto-scripts/AutoBookmark.js" />
      <file href="scormdriver/auto-scripts/AutoCompleteSCO.js" />
      <file href="scormdriver/auto-scripts/CourseExit.js" />
      <file href="scormdriver/blank.html" />
      <file href="scormdriver/goodbye.html" />
      <file href="scormdriver/scormdriver.js" />
      <file href="scormdriver/browsersniff.js" />

      <!-- RUNTIME COMMON STUFF -->
      <file href="scormcontent/index.html" />

      
        <file href="scormcontent/lib/fonts/icomoon.ttf"/>
        <file href="scormcontent/lib/fonts/icomoon.woff"/>

        <file href="scormcontent/lib/icomoon.css"/>
        <file href="scormcontent/lib/player-0.0.11.min.js"/>
        <file href="scormcontent/lib/lzwcompress.js"/>
      

      <!-- FRONTEND BUNDLE ASSETS -->
      <file href="scormcontent/lib/rise/4a40722d.js" />
<file href="scormcontent/lib/rise/11732e6a.css" />
<file href="scormcontent/lib/rise/d7770ee9.js" />
<file href="scormcontent/lib/rise/e97cc19a.css" />
<file href="scormcontent/lib/rise/069d99a9.js" />
<file href="scormcontent/lib/rise/eb9bd09f.js" />
<file href="scormcontent/lib/rise/20be7de8.js" />
<file href="scormcontent/lib/mondrian/entry.js" />
<file href="scormcontent/lib/mondrian/b6873211.js" />
<file href="scormcontent/lib/mondrian/0e859ef5.js" />
<file href="scormcontent/lib/mondrian/7b2a258a.js" />
<file href="scormcontent/lib/mondrian/18ae508c.js" />
<file href="scormcontent/lib/mondrian/3e40eb79.js" />
<file href="scormcontent/lib/mondrian/cdf9a293.js" />
<file href="scormcontent/lib/mondrian/3f9ba7c0.js" />
<file href="scormcontent/lib/mondrian/07d24945.js" />


      <!-- RUNTIME CONTENT STUFF -->
      <file href="scormcontent/lib/fonts/Lato-Black.woff" />
<file href="scormcontent/lib/fonts/Lato-Italic.woff" />
<file href="scormcontent/lib/fonts/Lato-Bold.woff" />
<file href="scormcontent/lib/fonts/Lato-Regular.woff" />
<file href="scormcontent/lib/fonts/Lato-Light.woff" />
<file href="scormcontent/lib/fonts/Merriweather-Black.woff" />
<file href="scormcontent/lib/fonts/Merriweather-Italic.woff" />
<file href="scormcontent/lib/fonts/Merriweather-Bold.woff" />
<file href="scormcontent/lib/fonts/Merriweather-Regular.woff" />
<file href="scormcontent/lib/fonts/Merriweather-Light.woff" />
<file href="scormcontent/assets/5n7XQxFA4yz4zWWS_small.png" />
<file href="scormcontent/assets/lfp-5lU4a7VJhrSA_7z89eFv9FniRrHDI.jpg" />
<file href="scormcontent/assets/doj6tAsMyWkkXJFS_l9vt5ws0e5STs1GL.jpg" />
<file href="scormcontent/assets/p0NafJXUj7Ko6eeL_obxFTEC7Y1DPD9Rk.jpg" />
<file href="scormcontent/assets/7HCOWbk1VZumUnaS_aY4QMLUIBWWO2LUB.jpg" />
<file href="scormcontent/assets/wMAW8eRcibs4ytR9_nKDOQWpccomKi2QO.jpg" />
<file href="scormcontent/assets/3sU-cbwnrV-39Wcc_hw0UK463Lg2vzJj_.jpg" />
<file href="scormcontent/assets/rK9jvlbMzpHiGFUb_cx3y6nKxSMF9phmW.jpg" />
<file href="scormcontent/assets/1ZIer3nHDBJfxOfU_mountains.jpg" />
<file href="scormcontent/assets/RJxPvKmdSIpkZAv7_8JKzAKXYk5fBGbSw.jpg" />
<file href="scormcontent/assets/6KO973E-HkQVpu37_Nb6TqWGyj8BFSpFP.jpg" />
<file href="scormcontent/assets/X5efEAy6_AN8FUuL_CMspWGjpXR6tXUsq.jpg" />
<file href="scormcontent/assets/uunbOqqc_5KUko57_zqZD0yMPpWGXRjiF.jpg" />
<file href="scormcontent/assets/Ivf1GRKXQyvZoiBV_o-qlAUpwUq36hIWx.jpg" />
<file href="scormcontent/assets/EjK-I4ApYyJFxMnU_7_creative.jpg" />
<file href="scormcontent/assets/g8VvKNgteos8wIm1_7_creative.jpg" />
<file href="scormcontent/assets/rQUGrD4Z9Gc4t9mN_example-header-image.jpg" />

      <file href="scormcontent/locales/und.js" />

    </resource>
  </resources>
</manifest>
