<?xml version="1.0" ?>
<manifest identifier="aE3_JsShVFU4EmiUGaPucGIGm7t5KDQsC4IgPsSp" version="1"
  xmlns="http://www.imsproject.org/xsd/imscp_rootv1p1p2"
  xmlns:adlcp="http://www.adlnet.org/xsd/adlcp_rootv1p2"
  xmlns:xsi="http://www.w3.org/2001/XMLSchema-instance"
  xsi:schemaLocation="http://www.imsproject.org/xsd/imscp_rootv1p1p2 imscp_rootv1p1p2.xsd
                      http://www.adlnet.org/xsd/adlcp_rootv1p2 adlcp_rootv1p2.xsd">
  <metadata>
    <schema>ADL SCORM</schema>
    <schemaversion>1.2</schemaversion>
    <adlcp:location>metadata.xml</adlcp:location>
  </metadata>
  <organizations default="articulate_rise">
      <organization identifier="articulate_rise">
      <title>ISSC General Information</title>
      <item identifier="i1" identifierref="r1" isvisible="true">
        <title>ISSC General Information</title>
        <adlcp:datafromlms>eyJjcHYiOiJDNElnUHNTcCIsInJsZCI6ZmFsc2V9</adlcp:datafromlms>
      </item>
    </organization>
  </organizations>
  <resources>
    <resource identifier="r1" type="webcontent" adlcp:scormtype="sco" href="scormdriver/indexAPI.html">
      <!-- SCORMDRIVER STUFF -->
      <file href="scormdriver/indexAPI.html" />
      <file href="scormdriver/preloadIntegrity.js" />
      <file href="scormdriver/driverOptions.js" />
      <file href="scormdriver/AICCComm.html" />
      <file href="scormdriver/auto-scripts/AutoBookmark.js" />
      <file href="scormdriver/auto-scripts/AutoCompleteSCO.js" />
      <file href="scormdriver/auto-scripts/CourseExit.js" />
      <file href="scormdriver/blank.html" />
      <file href="scormdriver/goodbye.html" />
      <file href="scormdriver/scormdriver.js" />
      <file href="scormdriver/browsersniff.js" />

      <!-- RUNTIME COMMON STUFF -->
      <file href="scormcontent/index.html" />

      
        <file href="scormcontent/lib/fonts/icomoon.ttf"/>
        <file href="scormcontent/lib/fonts/icomoon.woff"/>

        <file href="scormcontent/lib/icomoon.css"/>
        <file href="scormcontent/lib/player-0.0.11.min.js"/>
        <file href="scormcontent/lib/lzwcompress.js"/>
      

      <!-- FRONTEND BUNDLE ASSETS -->
      <file href="scormcontent/lib/rise/86a5ecb3.js" />
<file href="scormcontent/lib/rise/11732e6a.css" />
<file href="scormcontent/lib/rise/a8d5b75c.js" />
<file href="scormcontent/lib/rise/50b239d8.css" />
<file href="scormcontent/lib/rise/1f40592f.js" />
<file href="scormcontent/lib/rise/eb9bd09f.js" />
<file href="scormcontent/lib/rise/20be7de8.js" />


      <!-- RUNTIME CONTENT STUFF -->
      <file href="scormcontent/lib/fonts/Lato-Black.woff" />
<file href="scormcontent/lib/fonts/Lato-Italic.woff" />
<file href="scormcontent/lib/fonts/Lato-Bold.woff" />
<file href="scormcontent/lib/fonts/Lato-Regular.woff" />
<file href="scormcontent/lib/fonts/Lato-Light.woff" />
<file href="scormcontent/lib/fonts/Merriweather-Black.woff" />
<file href="scormcontent/lib/fonts/Merriweather-Italic.woff" />
<file href="scormcontent/lib/fonts/Merriweather-Bold.woff" />
<file href="scormcontent/lib/fonts/Merriweather-Regular.woff" />
<file href="scormcontent/lib/fonts/Merriweather-Light.woff" />
<file href="scormcontent/assets/uLua7eQt3TYGxHzc_small.png" />
<file href="scormcontent/assets/FJUZ9M14XvrPxX30_vw.jpg" />
<file href="scormcontent/assets/4Ey2ALRgGqeN3zXS_l7xjVjGNJjqdM_Fy.jpg" />
<file href="scormcontent/assets/X6L9Ir3RjPj6af9w_hybFyG6sjEXTBFbx.jpg" />
<file href="scormcontent/assets/eebHRA-X7lHSFsnt_YFs7pfBfJhXiDK1V.jpg" />
<file href="scormcontent/assets/JGsgLJPySuniqcFA_SixwsI11jxwpPiZV.jpg" />
<file href="scormcontent/assets/94zzo0fp6uBPicOD_6uSrT6XhEyyHZYb2.jpg" />
<file href="scormcontent/assets/8PqF8HoT3ipLLmIE_S1JZoEdWrJNmBCMo.jpg" />
<file href="scormcontent/assets/TFPEXjW_MJhkI6d__mountains.jpg" />
<file href="scormcontent/assets/TfNWAEFIcu3lUtUO_2_creative.jpg" />
<file href="scormcontent/assets/lKHf3CbTfDPtqCLu_2_creative.jpg" />
<file href="scormcontent/assets/av8lmDw7PqAIR-mW_example-header-image.jpg" />

    </resource>
  </resources>
</manifest>
