<?xml version="1.0" ?>
<manifest identifier="c5JGwj1Tm1Hr0V1144ZKQBUylnMeECIlRkVEXmTk" version="1"
  xmlns="http://www.imsproject.org/xsd/imscp_rootv1p1p2"
  xmlns:adlcp="http://www.adlnet.org/xsd/adlcp_rootv1p2"
  xmlns:xsi="http://www.w3.org/2001/XMLSchema-instance"
  xsi:schemaLocation="http://www.imsproject.org/xsd/imscp_rootv1p1p2 imscp_rootv1p1p2.xsd
                      http://www.adlnet.org/xsd/adlcp_rootv1p2 adlcp_rootv1p2.xsd">
  <metadata>
    <schema>ADL SCORM</schema>
    <schemaversion>1.2</schemaversion>
    <adlcp:location>metadata.xml</adlcp:location>
  </metadata>
  <organizations default="articulate_rise">
      <organization identifier="articulate_rise">
      <title>Fitness</title>
      <item identifier="i1" identifierref="r1" isvisible="true">
        <title>Fitness</title>
        <adlcp:datafromlms>eyJjcHYiOiJSa1ZFWG1UayIsInJsZCI6ZmFsc2V9</adlcp:datafromlms>
      </item>
    </organization>
  </organizations>
  <resources>
    <resource identifier="r1" type="webcontent" adlcp:scormtype="sco" href="scormdriver/indexAPI.html">
      <!-- SCORMDRIVER STUFF -->
      <file href="scormdriver/indexAPI.html" />
      <file href="scormdriver/preloadIntegrity.js" />
      <file href="scormdriver/driverOptions.js" />
      <file href="scormdriver/AICCComm.html" />
      <file href="scormdriver/auto-scripts/AutoBookmark.js" />
      <file href="scormdriver/auto-scripts/AutoCompleteSCO.js" />
      <file href="scormdriver/auto-scripts/CourseExit.js" />
      <file href="scormdriver/blank.html" />
      <file href="scormdriver/goodbye.html" />
      <file href="scormdriver/scormdriver.js" />
      <file href="scormdriver/browsersniff.js" />

      <!-- RUNTIME COMMON STUFF -->
      <file href="scormcontent/index.html" />

      
        <file href="scormcontent/lib/fonts/icomoon.ttf"/>
        <file href="scormcontent/lib/fonts/icomoon.woff"/>

        <file href="scormcontent/lib/icomoon.css"/>
        <file href="scormcontent/lib/player-0.0.11.min.js"/>
        <file href="scormcontent/lib/lzwcompress.js"/>
      

      <!-- FRONTEND BUNDLE ASSETS -->
      <file href="scormcontent/lib/rise/cc0764a2.js" />
<file href="scormcontent/lib/rise/11732e6a.css" />
<file href="scormcontent/lib/rise/3499478a.js" />
<file href="scormcontent/lib/rise/294ec9b7.css" />
<file href="scormcontent/lib/rise/7377fee0.js" />
<file href="scormcontent/lib/rise/eb9bd09f.js" />
<file href="scormcontent/lib/rise/20be7de8.js" />
<file href="scormcontent/lib/mondrian/entry.js" />
<file href="scormcontent/lib/mondrian/b6873211.js" />
<file href="scormcontent/lib/mondrian/0e859ef5.js" />
<file href="scormcontent/lib/mondrian/7b2a258a.js" />
<file href="scormcontent/lib/mondrian/18ae508c.js" />
<file href="scormcontent/lib/mondrian/3e40eb79.js" />
<file href="scormcontent/lib/mondrian/cdf9a293.js" />
<file href="scormcontent/lib/mondrian/3f9ba7c0.js" />
<file href="scormcontent/lib/mondrian/07d24945.js" />


      <!-- RUNTIME CONTENT STUFF -->
      <file href="scormcontent/lib/fonts/Lato-Black.woff" />
<file href="scormcontent/lib/fonts/Lato-Italic.woff" />
<file href="scormcontent/lib/fonts/Lato-Bold.woff" />
<file href="scormcontent/lib/fonts/Lato-Regular.woff" />
<file href="scormcontent/lib/fonts/Lato-Light.woff" />
<file href="scormcontent/lib/fonts/Merriweather-Black.woff" />
<file href="scormcontent/lib/fonts/Merriweather-Italic.woff" />
<file href="scormcontent/lib/fonts/Merriweather-Bold.woff" />
<file href="scormcontent/lib/fonts/Merriweather-Regular.woff" />
<file href="scormcontent/lib/fonts/Merriweather-Light.woff" />
<file href="scormcontent/assets/S6eeKM8sZ_oclbFF_small.png" />
<file href="scormcontent/assets/Rxr3q5H8n7FJ5ae3_PFf1diJ_AQFA_5B0.jpg" />
<file href="scormcontent/assets/a2WqvOVbhzL6j8uM_15_wfh.jpg" />
<file href="scormcontent/assets/4_9aysLkMLvA7LnY_3_medical.jpg" />
<file href="scormcontent/assets/A8LHBCEuMDlfaUgj_poteFqZhJxgj4bPa.jpg" />
<file href="scormcontent/assets/QwRHSVeJNnkjPOS6_mountains.jpg" />
<file href="scormcontent/assets/zShmj-Po5s7wQ9v8_wDhfPLa7doPTaqOI.jpg" />
<file href="scormcontent/assets/DuJntQy3bNpQzwwy_VnfSfiDtgSdgcqLk.jpg" />
<file href="scormcontent/assets/Zrlbh1b6PmgbAHCv_Pt390fv69qLVDHbt.jpg" />
<file href="scormcontent/assets/Xy5AzsLGp2oXSi1C_16_abstract.jpg" />
<file href="scormcontent/assets/gdvP5YZH0m5ipE2X_30we89ohGPgzOAr8.jpg" />
<file href="scormcontent/assets/2_S3CqeY03EtNJna_PYP2cyX1fuZZHW6g.jpg" />
<file href="scormcontent/assets/3j9fXUSgWJYertnM_2_creative.jpg" />
<file href="scormcontent/assets/XsvpvalR8qxDogGS_2_creative.jpg" />
<file href="scormcontent/assets/Bd9t_eLow9UeLe_V_example-header-image.jpg" />

    </resource>
  </resources>
</manifest>
