<?xml version="1.0" ?>
<manifest identifier="AOVId5e-DD919ABvI4frNZj4rlvIsujs5U9D7QgN" version="1"
  xmlns="http://www.imsproject.org/xsd/imscp_rootv1p1p2"
  xmlns:adlcp="http://www.adlnet.org/xsd/adlcp_rootv1p2"
  xmlns:xsi="http://www.w3.org/2001/XMLSchema-instance"
  xsi:schemaLocation="http://www.imsproject.org/xsd/imscp_rootv1p1p2 imscp_rootv1p1p2.xsd
                      http://www.adlnet.org/xsd/adlcp_rootv1p2 adlcp_rootv1p2.xsd">
  <metadata>
    <schema>ADL SCORM</schema>
    <schemaversion>1.2</schemaversion>
    <adlcp:location>metadata.xml</adlcp:location>
  </metadata>
  <organizations default="articulate_rise">
      <organization identifier="articulate_rise">
      <title>Before You Arrive Course</title>
      <item identifier="i1" identifierref="r1" isvisible="true">
        <title>Before You Arrive Course</title>
        <adlcp:datafromlms>eyJjcHYiOiI1VTlEN1FnTiIsInJsZCI6ZmFsc2V9</adlcp:datafromlms>
      </item>
    </organization>
  </organizations>
  <resources>
    <resource identifier="r1" type="webcontent" adlcp:scormtype="sco" href="scormdriver/indexAPI.html">
      <!-- SCORMDRIVER STUFF -->
      <file href="scormdriver/indexAPI.html" />
      <file href="scormdriver/preloadIntegrity.js" />
      <file href="scormdriver/driverOptions.js" />
      <file href="scormdriver/AICCComm.html" />
      <file href="scormdriver/auto-scripts/AutoBookmark.js" />
      <file href="scormdriver/auto-scripts/AutoCompleteSCO.js" />
      <file href="scormdriver/auto-scripts/CourseExit.js" />
      <file href="scormdriver/blank.html" />
      <file href="scormdriver/goodbye.html" />
      <file href="scormdriver/scormdriver.js" />
      <file href="scormdriver/browsersniff.js" />

      <!-- RUNTIME COMMON STUFF -->
      <file href="scormcontent/index.html" />

      
        <file href="scormcontent/lib/fonts/icomoon.ttf"/>
        <file href="scormcontent/lib/fonts/icomoon.woff"/>

        <file href="scormcontent/lib/icomoon.css"/>
        <file href="scormcontent/lib/player-0.0.11.min.js"/>
        <file href="scormcontent/lib/lzwcompress.js"/>
      

      <!-- FRONTEND BUNDLE ASSETS -->
      <file href="scormcontent/lib/rise/86a5ecb3.js" />
<file href="scormcontent/lib/rise/11732e6a.css" />
<file href="scormcontent/lib/rise/a8d5b75c.js" />
<file href="scormcontent/lib/rise/50b239d8.css" />
<file href="scormcontent/lib/rise/1f40592f.js" />
<file href="scormcontent/lib/rise/eb9bd09f.js" />
<file href="scormcontent/lib/rise/20be7de8.js" />


      <!-- RUNTIME CONTENT STUFF -->
      <file href="scormcontent/lib/fonts/Lato-Black.woff" />
<file href="scormcontent/lib/fonts/Lato-Italic.woff" />
<file href="scormcontent/lib/fonts/Lato-Bold.woff" />
<file href="scormcontent/lib/fonts/Lato-Regular.woff" />
<file href="scormcontent/lib/fonts/Lato-Light.woff" />
<file href="scormcontent/lib/fonts/Merriweather-Black.woff" />
<file href="scormcontent/lib/fonts/Merriweather-Italic.woff" />
<file href="scormcontent/lib/fonts/Merriweather-Bold.woff" />
<file href="scormcontent/lib/fonts/Merriweather-Regular.woff" />
<file href="scormcontent/lib/fonts/Merriweather-Light.woff" />
<file href="scormcontent/assets/RZTrJug0akDM9vEk_small.png" />
<file href="scormcontent/assets/dePcXY6E9XbDNnfi_b9et40ONugWVqZvK.jpg" />
<file href="scormcontent/assets/sR7OF3yVehBSMpnj_G-DC0p0GXSY4T6eB.jpg" />
<file href="scormcontent/assets/9-TjgAOXkU5NnA9w_transcoded-eXLb42viaAk9dOF8-MY%20ASU%20-%20Background-00001.png" />
<file href="scormcontent/assets/4N0AqGEI1SL9k8o-_transcoded-eXLb42viaAk9dOF8-MY%20ASU%20-%20Background.mp4" />
<file href="scormcontent/assets/xmfO64TWVramfi4p_transcoded-bp-N6uDQE_6JgJAO-MyASU%20-%20My%20Classes-00001.png" />
<file href="scormcontent/assets/a0boOjGfPQKXrEMg_transcoded-bp-N6uDQE_6JgJAO-MyASU%20-%20My%20Classes.mp4" />
<file href="scormcontent/assets/g1beGg8Z6onxSlLh_transcoded-zA40eFLbnGczO5vu-MyASU%20-%20My%20Profile%20%281%29-00001.png" />
<file href="scormcontent/assets/Z8_cIt4KynaJJWWN_transcoded-zA40eFLbnGczO5vu-MyASU%20-%20My%20Profile%20%281%29.mp4" />
<file href="scormcontent/assets/GqMRQpv3ZOvj3Mgk_transcoded-XERqsReMEY4rYwWv-My%20ASU%20-%20Campus%20Resource-00001.png" />
<file href="scormcontent/assets/y-Zbegque3Wcns6V_transcoded-XERqsReMEY4rYwWv-My%20ASU%20-%20Campus%20Resource.mp4" />
<file href="scormcontent/assets/IR6EFQvUy98xz_kY_transcoded-S0Dqh59MerzcKjer-MyASU%20-%20Finance%20Tab-00001.png" />
<file href="scormcontent/assets/YqWgZWoKdE0NT3-d_transcoded-S0Dqh59MerzcKjer-MyASU%20-%20Finance%20Tab.mp4" />
<file href="scormcontent/assets/6a6twXbEHhLBPaZR_aXehn9umiR37s7_8.jpg" />
<file href="scormcontent/assets/KWbRnvpXjQy0j-mH_transcoded-zjPHWtic-GI9tXAO-Canvas%20Course%20-%20Accessibility-00001.png" />
<file href="scormcontent/assets/YXlqqnxWpKcA8yrF_transcoded-zjPHWtic-GI9tXAO-Canvas%20Course%20-%20Accessibility.mp4" />
<file href="scormcontent/assets/AxFGCjmbanEz8nVA_transcoded-F3yRu-W9gID0RY4n-Canvas%20Course%20-%20Module-00001.png" />
<file href="scormcontent/assets/sFGFTC-t_vsje9At_transcoded-F3yRu-W9gID0RY4n-Canvas%20Course%20-%20Module.mp4" />
<file href="scormcontent/assets/DyQBTaWbpJ4--rTI_transcoded-xTwTckrBXOBKkzdl-Canvas%20Course%20-%20Help%20Button-00001.png" />
<file href="scormcontent/assets/OIz_GDfNbXWOTfth_transcoded-xTwTckrBXOBKkzdl-Canvas%20Course%20-%20Help%20Button.mp4" />
<file href="scormcontent/assets/UQLGaOWrIA9IFZTp_transcoded-jxnUmzxtf1dXUVy_-Canvas%20Course%20-%20Calender-00001.png" />
<file href="scormcontent/assets/eQYAXhL7mD4XE27J_transcoded-jxnUmzxtf1dXUVy_-Canvas%20Course%20-%20Calender.mp4" />
<file href="scormcontent/assets/Q0DRxPHyucovum4S_mountains.jpg" />
<file href="scormcontent/assets/4Vfr-7Bx8IYb6pDY_QH140Mu_xlSMoHhW.jpg" />
<file href="scormcontent/assets/Q-2s-dmPB30OzbiW_aPJJNZCzkZYSt_Pg.jpg" />
<file href="scormcontent/assets/J-Tw1L1j4OUbXVAc_10_creative.jpg" />
<file href="scormcontent/assets/T-Mj_I7comLJ3BQJ_example-header-image.jpg" />

    </resource>
  </resources>
</manifest>
