<?xml version="1.0" ?>
<manifest identifier="CPMtHhryjd8kjGiEjJSjCFQgoNdpUb4sZeToWSaa" version="1"
  xmlns="http://www.imsproject.org/xsd/imscp_rootv1p1p2"
  xmlns:adlcp="http://www.adlnet.org/xsd/adlcp_rootv1p2"
  xmlns:xsi="http://www.w3.org/2001/XMLSchema-instance"
  xsi:schemaLocation="http://www.imsproject.org/xsd/imscp_rootv1p1p2 imscp_rootv1p1p2.xsd
                      http://www.adlnet.org/xsd/adlcp_rootv1p2 adlcp_rootv1p2.xsd">
  <metadata>
    <schema>ADL SCORM</schema>
    <schemaversion>1.2</schemaversion>
    <adlcp:location>metadata.xml</adlcp:location>
  </metadata>
  <organizations default="articulate_rise">
      <organization identifier="articulate_rise">
      <title>Career Services</title>
      <item identifier="i1" identifierref="r1" isvisible="true">
        <title>Career Services</title>
        <adlcp:datafromlms>eyJjcHYiOiJaZVRvV1NhYSIsInJsZCI6ZmFsc2V9</adlcp:datafromlms>
      </item>
    </organization>
  </organizations>
  <resources>
    <resource identifier="r1" type="webcontent" adlcp:scormtype="sco" href="scormdriver/indexAPI.html">
      <!-- SCORMDRIVER STUFF -->
      <file href="scormdriver/indexAPI.html" />
      <file href="scormdriver/preloadIntegrity.js" />
      <file href="scormdriver/driverOptions.js" />
      <file href="scormdriver/AICCComm.html" />
      <file href="scormdriver/auto-scripts/AutoBookmark.js" />
      <file href="scormdriver/auto-scripts/AutoCompleteSCO.js" />
      <file href="scormdriver/auto-scripts/CourseExit.js" />
      <file href="scormdriver/blank.html" />
      <file href="scormdriver/goodbye.html" />
      <file href="scormdriver/scormdriver.js" />
      <file href="scormdriver/browsersniff.js" />

      <!-- RUNTIME COMMON STUFF -->
      <file href="scormcontent/index.html" />

      
        <file href="scormcontent/lib/fonts/icomoon.ttf"/>
        <file href="scormcontent/lib/fonts/icomoon.woff"/>

        <file href="scormcontent/lib/icomoon.css"/>
        <file href="scormcontent/lib/player-0.0.11.min.js"/>
        <file href="scormcontent/lib/lzwcompress.js"/>
      

      <!-- FRONTEND BUNDLE ASSETS -->
      <file href="scormcontent/lib/rise/b05dcd0d.js" />
<file href="scormcontent/lib/rise/b7e6275d.css" />
<file href="scormcontent/lib/rise/a4ee652e.js" />
<file href="scormcontent/lib/rise/5de61c8b.css" />
<file href="scormcontent/lib/rise/c3b1c9ab.js" />
<file href="scormcontent/lib/rise/5ce3f37c.js" />
<file href="scormcontent/lib/rise/e8c73cc3.js" />
<file href="scormcontent/lib/rise/eb99cabc.js" />
<file href="scormcontent/lib/rise/ab37ceec.js" />
<file href="scormcontent/lib/mondrian/entry.js" />
<file href="scormcontent/lib/mondrian/88815849.js" />
<file href="scormcontent/lib/mondrian/a1665c69.js" />
<file href="scormcontent/lib/mondrian/215fe725.js" />
<file href="scormcontent/lib/mondrian/c16e7dd3.js" />
<file href="scormcontent/lib/mondrian/5ebb90af.js" />
<file href="scormcontent/lib/mondrian/825dd797.js" />
<file href="scormcontent/lib/mondrian/beccd965.js" />
<file href="scormcontent/lib/mondrian/56ae9b9c.js" />


      <!-- RUNTIME CONTENT STUFF -->
      <file href="scormcontent/lib/fonts/Lato-Black.woff" />
<file href="scormcontent/lib/fonts/Lato-Italic.woff" />
<file href="scormcontent/lib/fonts/Lato-Bold.woff" />
<file href="scormcontent/lib/fonts/Lato-Regular.woff" />
<file href="scormcontent/lib/fonts/Lato-Light.woff" />
<file href="scormcontent/lib/fonts/Merriweather-Black.woff" />
<file href="scormcontent/lib/fonts/Merriweather-Italic.woff" />
<file href="scormcontent/lib/fonts/Merriweather-Bold.woff" />
<file href="scormcontent/lib/fonts/Merriweather-Regular.woff" />
<file href="scormcontent/lib/fonts/Merriweather-Light.woff" />
<file href="scormcontent/assets/small.png" />
<file href="scormcontent/assets/26_creative.jpg" />
<file href="scormcontent/assets/200203%20FY20%20ASU%20Q1%20Alumni%20at%20Industrious%20Tempe%20-%20CLP%20-%20Andrew%20Wilcox%20and%20Tim%20Chow%20of%20Wilco.jpg" />
<file href="scormcontent/assets/n6ov0T/mountains.jpg" />
<file href="scormcontent/assets/XPLG7B/mountains.jpg" />
<file href="scormcontent/assets/Career%20Servies%20Digital%20Career%20Tools.pdf" />
<file href="scormcontent/assets/Screenshot%202025-01-25%20222910.png" />
<file href="scormcontent/assets/Screenshot%202025-01-25%20221716.png" />
<file href="scormcontent/assets/Career%20Advising.png" />

      <file href="scormcontent/locales/und.js" />

    </resource>
  </resources>
</manifest>
