<?xml version="1.0" ?>
<manifest identifier="ObiyH4Bc-gmkXgdDULcNhoge3nyMubDkbwz8zk6v" version="1"
  xmlns="http://www.imsproject.org/xsd/imscp_rootv1p1p2"
  xmlns:adlcp="http://www.adlnet.org/xsd/adlcp_rootv1p2"
  xmlns:xsi="http://www.w3.org/2001/XMLSchema-instance"
  xsi:schemaLocation="http://www.imsproject.org/xsd/imscp_rootv1p1p2 imscp_rootv1p1p2.xsd
                      http://www.adlnet.org/xsd/adlcp_rootv1p2 adlcp_rootv1p2.xsd">
  <metadata>
    <schema>ADL SCORM</schema>
    <schemaversion>1.2</schemaversion>
    <adlcp:location>metadata.xml</adlcp:location>
  </metadata>
  <organizations default="articulate_rise">
      <organization identifier="articulate_rise">
      <title>First-Year Orientation &amp; After Course</title>
      <item identifier="i1" identifierref="r1" isvisible="true">
        <title>First-Year Orientation &amp; After Course</title>
        <adlcp:datafromlms>eyJjcHYiOiJid3o4ems2diIsInJsZCI6ZmFsc2V9</adlcp:datafromlms>
      </item>
    </organization>
  </organizations>
  <resources>
    <resource identifier="r1" type="webcontent" adlcp:scormtype="sco" href="scormdriver/indexAPI.html">
      <!-- SCORMDRIVER STUFF -->
      <file href="scormdriver/indexAPI.html" />
      <file href="scormdriver/preloadIntegrity.js" />
      <file href="scormdriver/driverOptions.js" />
      <file href="scormdriver/AICCComm.html" />
      <file href="scormdriver/auto-scripts/AutoBookmark.js" />
      <file href="scormdriver/auto-scripts/AutoCompleteSCO.js" />
      <file href="scormdriver/auto-scripts/CourseExit.js" />
      <file href="scormdriver/blank.html" />
      <file href="scormdriver/goodbye.html" />
      <file href="scormdriver/scormdriver.js" />
      <file href="scormdriver/browsersniff.js" />

      <!-- RUNTIME COMMON STUFF -->
      <file href="scormcontent/index.html" />

      
        <file href="scormcontent/lib/fonts/icomoon.ttf"/>
        <file href="scormcontent/lib/fonts/icomoon.woff"/>

        <file href="scormcontent/lib/icomoon.css"/>
        <file href="scormcontent/lib/player-0.0.11.min.js"/>
        <file href="scormcontent/lib/lzwcompress.js"/>
      

      <!-- FRONTEND BUNDLE ASSETS -->
      <file href="scormcontent/lib/rise/86a5ecb3.js" />
<file href="scormcontent/lib/rise/11732e6a.css" />
<file href="scormcontent/lib/rise/a8d5b75c.js" />
<file href="scormcontent/lib/rise/50b239d8.css" />
<file href="scormcontent/lib/rise/1f40592f.js" />
<file href="scormcontent/lib/rise/eb9bd09f.js" />
<file href="scormcontent/lib/rise/20be7de8.js" />


      <!-- RUNTIME CONTENT STUFF -->
      <file href="scormcontent/lib/fonts/Lato-Black.woff" />
<file href="scormcontent/lib/fonts/Lato-Italic.woff" />
<file href="scormcontent/lib/fonts/Lato-Bold.woff" />
<file href="scormcontent/lib/fonts/Lato-Regular.woff" />
<file href="scormcontent/lib/fonts/Lato-Light.woff" />
<file href="scormcontent/lib/fonts/Merriweather-Black.woff" />
<file href="scormcontent/lib/fonts/Merriweather-Italic.woff" />
<file href="scormcontent/lib/fonts/Merriweather-Bold.woff" />
<file href="scormcontent/lib/fonts/Merriweather-Regular.woff" />
<file href="scormcontent/lib/fonts/Merriweather-Light.woff" />
<file href="scormcontent/assets/njlVgZQiPo0c7g-K_small.png" />
<file href="scormcontent/assets/9oIL6cKUyUobZSv6_vac9VSfsNrcGz73a.jpg" />
<file href="scormcontent/assets/txSnc_cVOzIir-BX_IaPQuFw1BcrQuQlp.jpg" />
<file href="scormcontent/assets/V8107wkxwrkC4jUF_mountains.jpg" />
<file href="scormcontent/assets/mqjepuI4TNVQVTAE_XqH5xY1oyhpU8U9M.png" />
<file href="scormcontent/assets/bmK3D_7EjVk0PuoH_6knAJmS1PRQ_7Owi.png" />
<file href="scormcontent/assets/N5DoR5PFjzJuNPfz_YJtExBWER346esol.jpg" />
<file href="scormcontent/assets/ka6ZGbclwKuO7-0h_TOVqEPZ2JkPTa2yN.jpg" />
<file href="scormcontent/assets/o7Q5Xl_KJvTCmfKU_SB7O0eT-r75m4030.jpg" />
<file href="scormcontent/assets/e1db3B1uxg4Q9KCJ_LuvoyQA0iK1e1-JD.jpg" />
<file href="scormcontent/assets/KWAa_gia0zg0eaNk_meL7vWHIOlf6mV-E.jpg" />
<file href="scormcontent/assets/4pY8KLpeZLU1FXNG_18_wfh.jpg" />
<file href="scormcontent/assets/Tdv3kiAEpO18Wl2T_18_wfh.jpg" />
<file href="scormcontent/assets/Dg9FqhI-7_U95MDr_example-header-image.jpg" />
<file href="scormcontent/assets/crxS-LuDEoU-rvra_182_full.png" />
<file href="scormcontent/assets/8ST5aKl2V9zdUe6W_106_full.png" />
<file href="scormcontent/assets/wsDzhd6vqKu2tUOo_136_full.png" />
<file href="scormcontent/assets/sIhh5zy26Mxd7xEA_158_full.png" />
<file href="scormcontent/assets/XuOQi_Exy0SlmsqX_166_full.png" />
<file href="scormcontent/assets/wviVHdA7mh0hL8wu_141_full.png" />
<file href="scormcontent/assets/O-QyMNIRIFdjm_3i_167_full.png" />
<file href="scormcontent/assets/UzLknQ9ace5UKxkM_148_full.png" />
<file href="scormcontent/assets/CIqkM3UeYRXyB-1m_156_full.png" />
<file href="scormcontent/assets/OJ71z4tE5YPCDbOr_186_full.png" />
<file href="scormcontent/assets/bXmzpvus4Azk2nrI_146_full.png" />
<file href="scormcontent/assets/K-BpnFfIu7Af7YiA_181_full.png" />

    </resource>
  </resources>
</manifest>
