<?xml version="1.0" ?>
<manifest identifier="ObiyH4Bc-gmkXgdDULcNhoge3nyMubDkPon6Ovit" version="1"
  xmlns="http://www.imsproject.org/xsd/imscp_rootv1p1p2"
  xmlns:adlcp="http://www.adlnet.org/xsd/adlcp_rootv1p2"
  xmlns:xsi="http://www.w3.org/2001/XMLSchema-instance"
  xsi:schemaLocation="http://www.imsproject.org/xsd/imscp_rootv1p1p2 imscp_rootv1p1p2.xsd
                      http://www.adlnet.org/xsd/adlcp_rootv1p2 adlcp_rootv1p2.xsd">
  <metadata>
    <schema>ADL SCORM</schema>
    <schemaversion>1.2</schemaversion>
    <adlcp:location>metadata.xml</adlcp:location>
  </metadata>
  <organizations default="articulate_rise">
      <organization identifier="articulate_rise">
      <title>First-Year Orientation &amp; After Course</title>
      <item identifier="i1" identifierref="r1" isvisible="true">
        <title>First-Year Orientation &amp; After Course</title>
        <adlcp:datafromlms>eyJjcHYiOiJQb242T3ZpdCIsInJsZCI6ZmFsc2V9</adlcp:datafromlms>
      </item>
    </organization>
  </organizations>
  <resources>
    <resource identifier="r1" type="webcontent" adlcp:scormtype="sco" href="scormdriver/indexAPI.html">
      <!-- SCORMDRIVER STUFF -->
      <file href="scormdriver/indexAPI.html" />
      <file href="scormdriver/preloadIntegrity.js" />
      <file href="scormdriver/driverOptions.js" />
      <file href="scormdriver/AICCComm.html" />
      <file href="scormdriver/auto-scripts/AutoBookmark.js" />
      <file href="scormdriver/auto-scripts/AutoCompleteSCO.js" />
      <file href="scormdriver/auto-scripts/CourseExit.js" />
      <file href="scormdriver/blank.html" />
      <file href="scormdriver/goodbye.html" />
      <file href="scormdriver/scormdriver.js" />
      <file href="scormdriver/browsersniff.js" />

      <!-- RUNTIME COMMON STUFF -->
      <file href="scormcontent/index.html" />

      
        <file href="scormcontent/lib/fonts/icomoon.ttf"/>
        <file href="scormcontent/lib/fonts/icomoon.woff"/>

        <file href="scormcontent/lib/icomoon.css"/>
        <file href="scormcontent/lib/player-0.0.11.min.js"/>
        <file href="scormcontent/lib/lzwcompress.js"/>
      

      <!-- FRONTEND BUNDLE ASSETS -->
      <file href="scormcontent/lib/rise/ba6188e1.js" />
<file href="scormcontent/lib/rise/11732e6a.css" />
<file href="scormcontent/lib/rise/a8d5b75c.js" />
<file href="scormcontent/lib/rise/e922cc8e.css" />
<file href="scormcontent/lib/rise/5f9d7466.js" />
<file href="scormcontent/lib/rise/eb9bd09f.js" />
<file href="scormcontent/lib/rise/20be7de8.js" />


      <!-- RUNTIME CONTENT STUFF -->
      <file href="scormcontent/lib/fonts/Lato-Black.woff" />
<file href="scormcontent/lib/fonts/Lato-Italic.woff" />
<file href="scormcontent/lib/fonts/Lato-Bold.woff" />
<file href="scormcontent/lib/fonts/Lato-Regular.woff" />
<file href="scormcontent/lib/fonts/Lato-Light.woff" />
<file href="scormcontent/lib/fonts/Merriweather-Black.woff" />
<file href="scormcontent/lib/fonts/Merriweather-Italic.woff" />
<file href="scormcontent/lib/fonts/Merriweather-Bold.woff" />
<file href="scormcontent/lib/fonts/Merriweather-Regular.woff" />
<file href="scormcontent/lib/fonts/Merriweather-Light.woff" />
<file href="scormcontent/assets/i_7c9EvG-RXepDD8_small.png" />
<file href="scormcontent/assets/niTun_1wSUGioknx_vac9VSfsNrcGz73a.jpg" />
<file href="scormcontent/assets/lLnK6yxi5Xnd7RTz_IaPQuFw1BcrQuQlp.jpg" />
<file href="scormcontent/assets/c6ChpksyEWyUJMIa_mountains.jpg" />
<file href="scormcontent/assets/H8YbZiu1EaN5Jw-p_6knAJmS1PRQ_7Owi.png" />
<file href="scormcontent/assets/lxiAzfw-iOYJq1Y9_YJtExBWER346esol.jpg" />
<file href="scormcontent/assets/jKCfm8UIHGX4SVGQ_TOVqEPZ2JkPTa2yN.jpg" />
<file href="scormcontent/assets/2rOIHJRiDww-Ox-i_SB7O0eT-r75m4030.jpg" />
<file href="scormcontent/assets/ocVnyFKWmb3pr1Ip_LuvoyQA0iK1e1-JD.jpg" />
<file href="scormcontent/assets/tBm06Q-Z8QV15pzY_meL7vWHIOlf6mV-E.jpg" />
<file href="scormcontent/assets/7QzTxcaIex18FsgB_18_wfh.jpg" />
<file href="scormcontent/assets/M91N0QLuzd5x9bvE_18_wfh.jpg" />
<file href="scormcontent/assets/NTZU6OMfDLWgBkK3_example-header-image.jpg" />
<file href="scormcontent/assets/r0792jQaxXggmnYR_182_full.png" />
<file href="scormcontent/assets/wsv5UIPXaikxF_sP_106_full.png" />
<file href="scormcontent/assets/9wO8reMl0U1vVh8d_136_full.png" />
<file href="scormcontent/assets/13zxCGoFnoNhEWnj_158_full.png" />
<file href="scormcontent/assets/UbHH1ooahc92CxKR_166_full.png" />
<file href="scormcontent/assets/H2o7AbaDAhC6tpJl_141_full.png" />
<file href="scormcontent/assets/XBVmNXU4VESjApZE_167_full.png" />
<file href="scormcontent/assets/2UWcxoyt0j8_L4dq_148_full.png" />
<file href="scormcontent/assets/Onzw_Po2xOAarUfw_156_full.png" />
<file href="scormcontent/assets/X8SoKTaW4RlIvb56_186_full.png" />
<file href="scormcontent/assets/19RVZ8CulQJAGAFo_146_full.png" />
<file href="scormcontent/assets/OkHFaVTIJseTs2bt_181_full.png" />

    </resource>
  </resources>
</manifest>
