<?xml version="1.0" ?>
<manifest identifier="F3uqPlnEjZzQwNrAZ0BzdcmAZ5RgdJgqmdpKpK2F" version="1"
  xmlns="http://www.imsproject.org/xsd/imscp_rootv1p1p2"
  xmlns:adlcp="http://www.adlnet.org/xsd/adlcp_rootv1p2"
  xmlns:xsi="http://www.w3.org/2001/XMLSchema-instance"
  xsi:schemaLocation="http://www.imsproject.org/xsd/imscp_rootv1p1p2 imscp_rootv1p1p2.xsd
                      http://www.adlnet.org/xsd/adlcp_rootv1p2 adlcp_rootv1p2.xsd">
  <metadata>
    <schema>ADL SCORM</schema>
    <schemaversion>1.2</schemaversion>
    <adlcp:location>metadata.xml</adlcp:location>
  </metadata>
  <organizations default="articulate_rise">
      <organization identifier="articulate_rise">
      <title>ASU Department Community</title>
      <item identifier="i1" identifierref="r1" isvisible="true">
        <title>ASU Department Community</title>
        <adlcp:datafromlms>eyJjcHYiOiJtZHBLcEsyRiIsInJsZCI6ZmFsc2V9</adlcp:datafromlms>
      </item>
    </organization>
  </organizations>
  <resources>
    <resource identifier="r1" type="webcontent" adlcp:scormtype="sco" href="scormdriver/indexAPI.html">
      <!-- SCORMDRIVER STUFF -->
      <file href="scormdriver/indexAPI.html" />
      <file href="scormdriver/preloadIntegrity.js" />
      <file href="scormdriver/driverOptions.js" />
      <file href="scormdriver/AICCComm.html" />
      <file href="scormdriver/auto-scripts/AutoBookmark.js" />
      <file href="scormdriver/auto-scripts/AutoCompleteSCO.js" />
      <file href="scormdriver/auto-scripts/CourseExit.js" />
      <file href="scormdriver/blank.html" />
      <file href="scormdriver/goodbye.html" />
      <file href="scormdriver/scormdriver.js" />
      <file href="scormdriver/browsersniff.js" />

      <!-- RUNTIME COMMON STUFF -->
      <file href="scormcontent/index.html" />

      
        <file href="scormcontent/lib/fonts/icomoon.ttf"/>
        <file href="scormcontent/lib/fonts/icomoon.woff"/>

        <file href="scormcontent/lib/icomoon.css"/>
        <file href="scormcontent/lib/player-0.0.11.min.js"/>
        <file href="scormcontent/lib/lzwcompress.js"/>
      

      <!-- FRONTEND BUNDLE ASSETS -->
      <file href="scormcontent/lib/rise/88d33246.js" />
<file href="scormcontent/lib/rise/11732e6a.css" />
<file href="scormcontent/lib/rise/a8d5b75c.js" />
<file href="scormcontent/lib/rise/371207f9.css" />
<file href="scormcontent/lib/rise/e1295005.js" />
<file href="scormcontent/lib/rise/eb9bd09f.js" />
<file href="scormcontent/lib/rise/20be7de8.js" />


      <!-- RUNTIME CONTENT STUFF -->
      <file href="scormcontent/lib/fonts/Lato-Black.woff" />
<file href="scormcontent/lib/fonts/Lato-Italic.woff" />
<file href="scormcontent/lib/fonts/Lato-Bold.woff" />
<file href="scormcontent/lib/fonts/Lato-Regular.woff" />
<file href="scormcontent/lib/fonts/Lato-Light.woff" />
<file href="scormcontent/lib/fonts/Merriweather-Black.woff" />
<file href="scormcontent/lib/fonts/Merriweather-Italic.woff" />
<file href="scormcontent/lib/fonts/Merriweather-Bold.woff" />
<file href="scormcontent/lib/fonts/Merriweather-Regular.woff" />
<file href="scormcontent/lib/fonts/Merriweather-Light.woff" />
<file href="scormcontent/assets/pHr68kgdogpX37B-_small.png" />
<file href="scormcontent/assets/OYaL7LVTBH_KETea_86GOxUuwd8bSa1Dg.jpg" />
<file href="scormcontent/assets/zXDnvBaBIOjIilZe_mountains.jpg" />
<file href="scormcontent/assets/egZpvcmfLXw6OfVb_vXTwA377Q-xToGSp.jpg" />
<file href="scormcontent/assets/2qipD8jVpB4HOrcF_4hyLNiywtJLoPDrd.jpg" />
<file href="scormcontent/assets/eBIt7u0pToa0qKdv_9fUUkdH-4oHg3tjK.jpg" />
<file href="scormcontent/assets/jBFv5THABwimFIDN_PtpyVDnbI-ydw3TW.jpg" />
<file href="scormcontent/assets/E8wr2VxDGv35CHKq_G8r8YLMiP7oRAnsl.jpg" />
<file href="scormcontent/assets/iFX12YXPwh8BEr0I_47evKA9L9Juc3sUS.jpg" />
<file href="scormcontent/assets/GiiLmyYLYvHiN1bh_nOUzvcUIhGGkag0J.jpg" />
<file href="scormcontent/assets/oKT6xjOXQYO_9toD_4j0dZkj8U8NhZNRE.jpg" />
<file href="scormcontent/assets/CZn9MeSfumDxV2cO_po-sgIb0BDy03Rvk.jpg" />
<file href="scormcontent/assets/aBQvzUQjdjfRLZ65_sy6KMItAzyxQz3ZQ.jpg" />
<file href="scormcontent/assets/B_151DUPW_Biewws_TXfFiIVHSI2dew6d.jpg" />
<file href="scormcontent/assets/5JGYhpaPsaOZTeOG_DCo7Mm0oumZjJHqq-Quick%20Launch%20Group%20English_ASU%20Students_%20Introduction%20%26%20Session%20Dates.pdf" />
<file href="scormcontent/assets/RLnpUHU-4T7ybO7J_FoUg2OXNi_lnxS5a-Quick%20Launch%20Group%20English%20-%20Course%20Descriptions%20%26%20Objectives_ASU%20International%20Students.pdf" />
<file href="scormcontent/assets/rkJL7H16Sup-8sY5_u311NoB2ZfAT8YiI-Quick%20Launch%20English%20Classes%20Overview.pptx" />
<file href="scormcontent/assets/kAShbma8g8x1oAdQ_26_cities.jpg" />
<file href="scormcontent/assets/ZWoETjfpjPZUu3iL_26_cities.jpg" />
<file href="scormcontent/assets/q87BmQ_gqBwu5Mw8_example-header-image.jpg" />

    </resource>
  </resources>
</manifest>
