<?xml version="1.0" ?>
<manifest identifier="xHMHa8r2Cl8lVrXBxlrvpwtUm7flz_Qxgbx0N0Nd" version="1"
  xmlns="http://www.imsproject.org/xsd/imscp_rootv1p1p2"
  xmlns:adlcp="http://www.adlnet.org/xsd/adlcp_rootv1p2"
  xmlns:xsi="http://www.w3.org/2001/XMLSchema-instance"
  xsi:schemaLocation="http://www.imsproject.org/xsd/imscp_rootv1p1p2 imscp_rootv1p1p2.xsd
                      http://www.adlnet.org/xsd/adlcp_rootv1p2 adlcp_rootv1p2.xsd">
  <metadata>
    <schema>ADL SCORM</schema>
    <schemaversion>1.2</schemaversion>
    <adlcp:location>metadata.xml</adlcp:location>
  </metadata>
  <organizations default="articulate_rise">
      <organization identifier="articulate_rise">
      <title>Entering the U.S.</title>
      <item identifier="i1" identifierref="r1" isvisible="true">
        <title>Entering the U.S.</title>
        <adlcp:datafromlms>eyJjcHYiOiJnYngwTjBOZCIsInJsZCI6ZmFsc2V9</adlcp:datafromlms>
      </item>
    </organization>
  </organizations>
  <resources>
    <resource identifier="r1" type="webcontent" adlcp:scormtype="sco" href="scormdriver/indexAPI.html">
      <!-- SCORMDRIVER STUFF -->
      <file href="scormdriver/indexAPI.html" />
      <file href="scormdriver/preloadIntegrity.js" />
      <file href="scormdriver/driverOptions.js" />
      <file href="scormdriver/AICCComm.html" />
      <file href="scormdriver/auto-scripts/AutoBookmark.js" />
      <file href="scormdriver/auto-scripts/AutoCompleteSCO.js" />
      <file href="scormdriver/auto-scripts/CourseExit.js" />
      <file href="scormdriver/blank.html" />
      <file href="scormdriver/goodbye.html" />
      <file href="scormdriver/scormdriver.js" />
      <file href="scormdriver/browsersniff.js" />

      <!-- RUNTIME COMMON STUFF -->
      <file href="scormcontent/index.html" />

      
        <file href="scormcontent/lib/fonts/icomoon.ttf"/>
        <file href="scormcontent/lib/fonts/icomoon.woff"/>

        <file href="scormcontent/lib/icomoon.css"/>
        <file href="scormcontent/lib/player-0.0.11.min.js"/>
        <file href="scormcontent/lib/lzwcompress.js"/>
      

      <!-- FRONTEND BUNDLE ASSETS -->
      <file href="scormcontent/lib/rise/a775029e.js" />
<file href="scormcontent/lib/rise/11732e6a.css" />
<file href="scormcontent/lib/rise/a8d5b75c.js" />
<file href="scormcontent/lib/rise/0e71f43d.css" />
<file href="scormcontent/lib/rise/7a265e78.js" />
<file href="scormcontent/lib/rise/eb9bd09f.js" />
<file href="scormcontent/lib/rise/20be7de8.js" />


      <!-- RUNTIME CONTENT STUFF -->
      <file href="scormcontent/lib/fonts/Lato-Black.woff" />
<file href="scormcontent/lib/fonts/Lato-Italic.woff" />
<file href="scormcontent/lib/fonts/Lato-Bold.woff" />
<file href="scormcontent/lib/fonts/Lato-Regular.woff" />
<file href="scormcontent/lib/fonts/Lato-Light.woff" />
<file href="scormcontent/lib/fonts/Merriweather-Black.woff" />
<file href="scormcontent/lib/fonts/Merriweather-Italic.woff" />
<file href="scormcontent/lib/fonts/Merriweather-Bold.woff" />
<file href="scormcontent/lib/fonts/Merriweather-Regular.woff" />
<file href="scormcontent/lib/fonts/Merriweather-Light.woff" />
<file href="scormcontent/assets/FgytwHgNns0Pxf7e_small.png" />
<file href="scormcontent/assets/xnbX1EP8El5XczLb_5_nature.jpg" />
<file href="scormcontent/assets/v0lbxoRSD5VsA1q8_5_nature.jpg" />
<file href="scormcontent/assets/OUbZauYtPgGT-85k_example-header-image.jpg" />

    </resource>
  </resources>
</manifest>
