<?xml version="1.0" ?>
<manifest identifier="AOVId5e-DD919ABvI4frNZj4rlvIsujsLcxCTywe" version="1"
  xmlns="http://www.imsproject.org/xsd/imscp_rootv1p1p2"
  xmlns:adlcp="http://www.adlnet.org/xsd/adlcp_rootv1p2"
  xmlns:xsi="http://www.w3.org/2001/XMLSchema-instance"
  xsi:schemaLocation="http://www.imsproject.org/xsd/imscp_rootv1p1p2 imscp_rootv1p1p2.xsd
                      http://www.adlnet.org/xsd/adlcp_rootv1p2 adlcp_rootv1p2.xsd">
  <metadata>
    <schema>ADL SCORM</schema>
    <schemaversion>1.2</schemaversion>
    <adlcp:location>metadata.xml</adlcp:location>
  </metadata>
  <organizations default="articulate_rise">
      <organization identifier="articulate_rise">
      <title>First-Year Pre-Orientation Course</title>
      <item identifier="i1" identifierref="r1" isvisible="true">
        <title>First-Year Pre-Orientation Course</title>
        <adlcp:datafromlms>eyJjcHYiOiJMY3hDVHl3ZSIsInJsZCI6ZmFsc2V9</adlcp:datafromlms>
      </item>
    </organization>
  </organizations>
  <resources>
    <resource identifier="r1" type="webcontent" adlcp:scormtype="sco" href="scormdriver/indexAPI.html">
      <!-- SCORMDRIVER STUFF -->
      <file href="scormdriver/indexAPI.html" />
      <file href="scormdriver/preloadIntegrity.js" />
      <file href="scormdriver/driverOptions.js" />
      <file href="scormdriver/AICCComm.html" />
      <file href="scormdriver/auto-scripts/AutoBookmark.js" />
      <file href="scormdriver/auto-scripts/AutoCompleteSCO.js" />
      <file href="scormdriver/auto-scripts/CourseExit.js" />
      <file href="scormdriver/blank.html" />
      <file href="scormdriver/goodbye.html" />
      <file href="scormdriver/scormdriver.js" />
      <file href="scormdriver/browsersniff.js" />

      <!-- RUNTIME COMMON STUFF -->
      <file href="scormcontent/index.html" />

      
        <file href="scormcontent/lib/fonts/icomoon.ttf"/>
        <file href="scormcontent/lib/fonts/icomoon.woff"/>

        <file href="scormcontent/lib/icomoon.css"/>
        <file href="scormcontent/lib/player-0.0.11.min.js"/>
        <file href="scormcontent/lib/lzwcompress.js"/>
      

      <!-- FRONTEND BUNDLE ASSETS -->
      <file href="scormcontent/lib/rise/3d9273a1.js" />
<file href="scormcontent/lib/rise/11732e6a.css" />
<file href="scormcontent/lib/rise/a8d5b75c.js" />
<file href="scormcontent/lib/rise/cdc3cd1a.css" />
<file href="scormcontent/lib/rise/898811a2.js" />
<file href="scormcontent/lib/rise/eb9bd09f.js" />
<file href="scormcontent/lib/rise/20be7de8.js" />
<file href="scormcontent/lib/sample/entry.js" />
<file href="scormcontent/lib/sample/f3e2133a.css" />
<file href="scormcontent/lib/sample/642ea530.js" />
<file href="scormcontent/lib/sample/6124f5e2.jpeg" />


      <!-- RUNTIME CONTENT STUFF -->
      <file href="scormcontent/lib/fonts/Lato-Black.woff" />
<file href="scormcontent/lib/fonts/Lato-Italic.woff" />
<file href="scormcontent/lib/fonts/Lato-Bold.woff" />
<file href="scormcontent/lib/fonts/Lato-Regular.woff" />
<file href="scormcontent/lib/fonts/Lato-Light.woff" />
<file href="scormcontent/lib/fonts/Merriweather-Black.woff" />
<file href="scormcontent/lib/fonts/Merriweather-Italic.woff" />
<file href="scormcontent/lib/fonts/Merriweather-Bold.woff" />
<file href="scormcontent/lib/fonts/Merriweather-Regular.woff" />
<file href="scormcontent/lib/fonts/Merriweather-Light.woff" />
<file href="scormcontent/assets/n1zSmWP2sE492DHh_small.png" />
<file href="scormcontent/assets/kemQkykqf7mCXtSI_b9et40ONugWVqZvK.jpg" />
<file href="scormcontent/assets/uxk9NLuBKc31uapA_G-DC0p0GXSY4T6eB.jpg" />
<file href="scormcontent/assets/IXwFvauKW_gOyb5N_aXehn9umiR37s7_8.jpg" />
<file href="scormcontent/assets/mlfEUpJyz952pqyD_mountains.jpg" />
<file href="scormcontent/assets/k1UVxB9JwY0OsfnZ_QH140Mu_xlSMoHhW.jpg" />
<file href="scormcontent/assets/eai07R5AgcWzTuvv_aPJJNZCzkZYSt_Pg.jpg" />
<file href="scormcontent/assets/yqR9WfhueBzORD7K_10_creative.jpg" />
<file href="scormcontent/assets/4kGbxTGVo8xm98iX_example-header-image.jpg" />

    </resource>
  </resources>
</manifest>
