<?xml version="1.0" ?>
<manifest identifier="ZKpnqreOeu4A2ozDMunTWWU2ieSlFy5NymFVz_-Y" version="1"
  xmlns="http://www.imsproject.org/xsd/imscp_rootv1p1p2"
  xmlns:adlcp="http://www.adlnet.org/xsd/adlcp_rootv1p2"
  xmlns:xsi="http://www.w3.org/2001/XMLSchema-instance"
  xsi:schemaLocation="http://www.imsproject.org/xsd/imscp_rootv1p1p2 imscp_rootv1p1p2.xsd
                      http://www.adlnet.org/xsd/adlcp_rootv1p2 adlcp_rootv1p2.xsd">
  <metadata>
    <schema>ADL SCORM</schema>
    <schemaversion>1.2</schemaversion>
    <adlcp:location>metadata.xml</adlcp:location>
  </metadata>
  <organizations default="articulate_rise">
      <organization identifier="articulate_rise">
      <title>Alumni</title>
      <item identifier="i1" identifierref="r1" isvisible="true">
        <title>Alumni</title>
        <adlcp:datafromlms>eyJjcHYiOiJ5bUZWel8tWSIsInJsZCI6ZmFsc2V9</adlcp:datafromlms>
      </item>
    </organization>
  </organizations>
  <resources>
    <resource identifier="r1" type="webcontent" adlcp:scormtype="sco" href="scormdriver/indexAPI.html">
      <!-- SCORMDRIVER STUFF -->
      <file href="scormdriver/indexAPI.html" />
      <file href="scormdriver/preloadIntegrity.js" />
      <file href="scormdriver/driverOptions.js" />
      <file href="scormdriver/AICCComm.html" />
      <file href="scormdriver/auto-scripts/AutoBookmark.js" />
      <file href="scormdriver/auto-scripts/AutoCompleteSCO.js" />
      <file href="scormdriver/auto-scripts/CourseExit.js" />
      <file href="scormdriver/blank.html" />
      <file href="scormdriver/goodbye.html" />
      <file href="scormdriver/scormdriver.js" />
      <file href="scormdriver/browsersniff.js" />

      <!-- RUNTIME COMMON STUFF -->
      <file href="scormcontent/index.html" />

      
        <file href="scormcontent/lib/fonts/icomoon.ttf"/>
        <file href="scormcontent/lib/fonts/icomoon.woff"/>

        <file href="scormcontent/lib/icomoon.css"/>
        <file href="scormcontent/lib/player-0.0.11.min.js"/>
        <file href="scormcontent/lib/lzwcompress.js"/>
      

      <!-- FRONTEND BUNDLE ASSETS -->
      <file href="scormcontent/lib/rise/e56b36e4.js" />
<file href="scormcontent/lib/rise/11732e6a.css" />
<file href="scormcontent/lib/rise/9c38c404.js" />
<file href="scormcontent/lib/rise/19bb591e.css" />
<file href="scormcontent/lib/rise/3b1ce890.js" />
<file href="scormcontent/lib/rise/9db509dc.js" />
<file href="scormcontent/lib/rise/27e7283a.js" />
<file href="scormcontent/lib/mondrian/entry.js" />
<file href="scormcontent/lib/mondrian/976bee94.js" />
<file href="scormcontent/lib/mondrian/92aada83.js" />
<file href="scormcontent/lib/mondrian/b176ca34.js" />
<file href="scormcontent/lib/mondrian/c16e7dd3.js" />
<file href="scormcontent/lib/mondrian/d7134136.js" />
<file href="scormcontent/lib/mondrian/c1257364.js" />
<file href="scormcontent/lib/mondrian/eab04a62.js" />
<file href="scormcontent/lib/mondrian/714fc133.js" />


      <!-- RUNTIME CONTENT STUFF -->
      <file href="scormcontent/lib/fonts/Lato-Black.woff" />
<file href="scormcontent/lib/fonts/Lato-Italic.woff" />
<file href="scormcontent/lib/fonts/Lato-Bold.woff" />
<file href="scormcontent/lib/fonts/Lato-Regular.woff" />
<file href="scormcontent/lib/fonts/Lato-Light.woff" />
<file href="scormcontent/lib/fonts/Merriweather-Black.woff" />
<file href="scormcontent/lib/fonts/Merriweather-Italic.woff" />
<file href="scormcontent/lib/fonts/Merriweather-Bold.woff" />
<file href="scormcontent/lib/fonts/Merriweather-Regular.woff" />
<file href="scormcontent/lib/fonts/Merriweather-Light.woff" />
<file href="scormcontent/assets/small.png" />
<file href="scormcontent/assets/13_cities.jpg" />
<file href="scormcontent/assets/230505%20Large%20%23ASUGRAD%20Structure%20photos%20-DP7A5662-%20SS.jpg" />
<file href="scormcontent/assets/221121%20ASU%20MIX%20Center%20%28Media%20and%20Immersive%20Experience%29%20-%20Photos%20-%20GA-3401.jpg" />
<file href="scormcontent/assets/170508-commencement_01.jpg" />
<file href="scormcontent/assets/231117%20ASU%20Outstanding%20Grads%20-%20Fall%202023%20-%20SM%20-%20DP1A3779.jpg" />
<file href="scormcontent/assets/230810%20ASU%20Sandra%20Day%20O%27Connor%20College%20of%20Law%20Photoshoot%20-%20SM%204255.jpg" />

      <file href="scormcontent/locales/und.js" />

    </resource>
  </resources>
</manifest>
