<?xml version="1.0" ?>
<manifest identifier="ObiyH4Bc-gmkXgdDULcNhoge3nyMubDk5iKTdFIO" version="1"
  xmlns="http://www.imsproject.org/xsd/imscp_rootv1p1p2"
  xmlns:adlcp="http://www.adlnet.org/xsd/adlcp_rootv1p2"
  xmlns:xsi="http://www.w3.org/2001/XMLSchema-instance"
  xsi:schemaLocation="http://www.imsproject.org/xsd/imscp_rootv1p1p2 imscp_rootv1p1p2.xsd
                      http://www.adlnet.org/xsd/adlcp_rootv1p2 adlcp_rootv1p2.xsd">
  <metadata>
    <schema>ADL SCORM</schema>
    <schemaversion>1.2</schemaversion>
    <adlcp:location>metadata.xml</adlcp:location>
  </metadata>
  <organizations default="articulate_rise">
      <organization identifier="articulate_rise">
      <title>First-Year Orientation &amp; After Course</title>
      <item identifier="i1" identifierref="r1" isvisible="true">
        <title>First-Year Orientation &amp; After Course</title>
        <adlcp:datafromlms>eyJjcHYiOiI1aUtUZEZJTyIsInJsZCI6ZmFsc2V9</adlcp:datafromlms>
      </item>
    </organization>
  </organizations>
  <resources>
    <resource identifier="r1" type="webcontent" adlcp:scormtype="sco" href="scormdriver/indexAPI.html">
      <!-- SCORMDRIVER STUFF -->
      <file href="scormdriver/indexAPI.html" />
      <file href="scormdriver/preloadIntegrity.js" />
      <file href="scormdriver/driverOptions.js" />
      <file href="scormdriver/AICCComm.html" />
      <file href="scormdriver/auto-scripts/AutoBookmark.js" />
      <file href="scormdriver/auto-scripts/AutoCompleteSCO.js" />
      <file href="scormdriver/auto-scripts/CourseExit.js" />
      <file href="scormdriver/blank.html" />
      <file href="scormdriver/goodbye.html" />
      <file href="scormdriver/scormdriver.js" />
      <file href="scormdriver/browsersniff.js" />

      <!-- RUNTIME COMMON STUFF -->
      <file href="scormcontent/index.html" />

      
        <file href="scormcontent/lib/fonts/icomoon.ttf"/>
        <file href="scormcontent/lib/fonts/icomoon.woff"/>

        <file href="scormcontent/lib/icomoon.css"/>
        <file href="scormcontent/lib/player-0.0.11.min.js"/>
        <file href="scormcontent/lib/lzwcompress.js"/>
      

      <!-- FRONTEND BUNDLE ASSETS -->
      <file href="scormcontent/lib/rise/2a98dcea.js" />
<file href="scormcontent/lib/rise/11732e6a.css" />
<file href="scormcontent/lib/rise/a8d5b75c.js" />
<file href="scormcontent/lib/rise/f86dd8c8.css" />
<file href="scormcontent/lib/rise/c2a1877c.js" />
<file href="scormcontent/lib/rise/eb9bd09f.js" />
<file href="scormcontent/lib/rise/20be7de8.js" />


      <!-- RUNTIME CONTENT STUFF -->
      <file href="scormcontent/lib/fonts/Lato-Black.woff" />
<file href="scormcontent/lib/fonts/Lato-Italic.woff" />
<file href="scormcontent/lib/fonts/Lato-Bold.woff" />
<file href="scormcontent/lib/fonts/Lato-Regular.woff" />
<file href="scormcontent/lib/fonts/Lato-Light.woff" />
<file href="scormcontent/lib/fonts/Merriweather-Black.woff" />
<file href="scormcontent/lib/fonts/Merriweather-Italic.woff" />
<file href="scormcontent/lib/fonts/Merriweather-Bold.woff" />
<file href="scormcontent/lib/fonts/Merriweather-Regular.woff" />
<file href="scormcontent/lib/fonts/Merriweather-Light.woff" />
<file href="scormcontent/assets/jS9b8jChEYoy69BO_small.png" />
<file href="scormcontent/assets/REM53DPI-c4OYyyr_vac9VSfsNrcGz73a.jpg" />
<file href="scormcontent/assets/J_rRfjgWObUiKDsS_IaPQuFw1BcrQuQlp.jpg" />
<file href="scormcontent/assets/zMrZhnwn712YDvFt_mountains.jpg" />
<file href="scormcontent/assets/cyWR7ItPRe6rPGd9_6knAJmS1PRQ_7Owi.png" />
<file href="scormcontent/assets/BeRHMX2OhWHjj5kC_YJtExBWER346esol.jpg" />
<file href="scormcontent/assets/atLlAmh2ZNNWNebd_TOVqEPZ2JkPTa2yN.jpg" />
<file href="scormcontent/assets/fvg5ID04yoPmyCtb_SB7O0eT-r75m4030.jpg" />
<file href="scormcontent/assets/GV8NcMGlwbzLR2B3_LuvoyQA0iK1e1-JD.jpg" />
<file href="scormcontent/assets/XpzPY3L2pRfZRr3__meL7vWHIOlf6mV-E.jpg" />
<file href="scormcontent/assets/XeoHes1LrMsgiTYc_18_wfh.jpg" />
<file href="scormcontent/assets/LPo1LN0xXBx6b-0j_18_wfh.jpg" />
<file href="scormcontent/assets/TxAXukWWtRRSbLgS_example-header-image.jpg" />
<file href="scormcontent/assets/BwOu7EPA_zFHFElg_182_full.png" />
<file href="scormcontent/assets/prwC2x1d-NziY0Yh_106_full.png" />
<file href="scormcontent/assets/SUbShl_QMHtjianN_136_full.png" />
<file href="scormcontent/assets/YqS4qnw-VrrA86tj_158_full.png" />
<file href="scormcontent/assets/uGeWdbWXVHYEvie2_166_full.png" />
<file href="scormcontent/assets/f2NKQ-7zTYxEPCWR_141_full.png" />
<file href="scormcontent/assets/Xf5iOVKtiOBCy-Qn_167_full.png" />
<file href="scormcontent/assets/BRsg1_7-VuUmCE_P_148_full.png" />
<file href="scormcontent/assets/jYm3sQM-4JQ3rIfM_156_full.png" />
<file href="scormcontent/assets/XResSlec33sWVxqr_186_full.png" />
<file href="scormcontent/assets/ltHtFz_o4z1bMBj1_146_full.png" />
<file href="scormcontent/assets/bW1Czk_SqGWAWx_q_181_full.png" />

    </resource>
  </resources>
</manifest>
