<?xml version="1.0" ?>
<manifest identifier="k6US38axJv-MU4YrW-mgPeSQW6jCfGtRf8_nH8ed" version="1"
  xmlns="http://www.imsproject.org/xsd/imscp_rootv1p1p2"
  xmlns:adlcp="http://www.adlnet.org/xsd/adlcp_rootv1p2"
  xmlns:xsi="http://www.w3.org/2001/XMLSchema-instance"
  xsi:schemaLocation="http://www.imsproject.org/xsd/imscp_rootv1p1p2 imscp_rootv1p1p2.xsd
                      http://www.adlnet.org/xsd/adlcp_rootv1p2 adlcp_rootv1p2.xsd">
  <metadata>
    <schema>ADL SCORM</schema>
    <schemaversion>1.2</schemaversion>
    <adlcp:location>metadata.xml</adlcp:location>
  </metadata>
  <organizations default="articulate_rise">
      <organization identifier="articulate_rise">
      <title>Learn AZ - Biking &amp; Scootering</title>
      <item identifier="i1" identifierref="r1" isvisible="true">
        <title>Learn AZ - Biking &amp; Scootering</title>
        <adlcp:datafromlms>eyJjcHYiOiJmOF9uSDhlZCIsInJsZCI6ZmFsc2V9</adlcp:datafromlms>
      </item>
    </organization>
  </organizations>
  <resources>
    <resource identifier="r1" type="webcontent" adlcp:scormtype="sco" href="scormdriver/indexAPI.html">
      <!-- SCORMDRIVER STUFF -->
      <file href="scormdriver/indexAPI.html" />
      <file href="scormdriver/preloadIntegrity.js" />
      <file href="scormdriver/driverOptions.js" />
      <file href="scormdriver/AICCComm.html" />
      <file href="scormdriver/auto-scripts/AutoBookmark.js" />
      <file href="scormdriver/auto-scripts/AutoCompleteSCO.js" />
      <file href="scormdriver/auto-scripts/CourseExit.js" />
      <file href="scormdriver/blank.html" />
      <file href="scormdriver/goodbye.html" />
      <file href="scormdriver/scormdriver.js" />
      <file href="scormdriver/browsersniff.js" />

      <!-- RUNTIME COMMON STUFF -->
      <file href="scormcontent/index.html" />

      
        <file href="scormcontent/lib/fonts/icomoon.ttf"/>
        <file href="scormcontent/lib/fonts/icomoon.woff"/>

        <file href="scormcontent/lib/icomoon.css"/>
        <file href="scormcontent/lib/player-0.0.11.min.js"/>
        <file href="scormcontent/lib/lzwcompress.js"/>
      

      <!-- FRONTEND BUNDLE ASSETS -->
      <file href="scormcontent/lib/rise/d2e64098.js" />
<file href="scormcontent/lib/rise/11732e6a.css" />
<file href="scormcontent/lib/rise/3499478a.js" />
<file href="scormcontent/lib/rise/8d2582e1.css" />
<file href="scormcontent/lib/rise/83cdeea0.js" />
<file href="scormcontent/lib/rise/eb9bd09f.js" />
<file href="scormcontent/lib/rise/20be7de8.js" />
<file href="scormcontent/lib/mondrian/entry.js" />
<file href="scormcontent/lib/mondrian/b6873211.js" />
<file href="scormcontent/lib/mondrian/0e859ef5.js" />
<file href="scormcontent/lib/mondrian/7b2a258a.js" />
<file href="scormcontent/lib/mondrian/18ae508c.js" />
<file href="scormcontent/lib/mondrian/3e40eb79.js" />
<file href="scormcontent/lib/mondrian/cdf9a293.js" />
<file href="scormcontent/lib/mondrian/3f9ba7c0.js" />
<file href="scormcontent/lib/mondrian/07d24945.js" />


      <!-- RUNTIME CONTENT STUFF -->
      <file href="scormcontent/lib/fonts/Lato-Black.woff" />
<file href="scormcontent/lib/fonts/Lato-Italic.woff" />
<file href="scormcontent/lib/fonts/Lato-Bold.woff" />
<file href="scormcontent/lib/fonts/Lato-Regular.woff" />
<file href="scormcontent/lib/fonts/Lato-Light.woff" />
<file href="scormcontent/lib/fonts/Merriweather-Black.woff" />
<file href="scormcontent/lib/fonts/Merriweather-Italic.woff" />
<file href="scormcontent/lib/fonts/Merriweather-Bold.woff" />
<file href="scormcontent/lib/fonts/Merriweather-Regular.woff" />
<file href="scormcontent/lib/fonts/Merriweather-Light.woff" />
<file href="scormcontent/assets/By_CtAe6SBepqg_p_small.png" />
<file href="scormcontent/assets/uNVEPSZdfkSDGMKa_10_wfh.jpg" />
<file href="scormcontent/assets/KzsOYFfT-mjxJqwQ_XfLVr7nXYuNJdMyB.jpg" />
<file href="scormcontent/assets/UbJYYRlEL-NWYzhn_32_cities.jpg" />
<file href="scormcontent/assets/yzPR1_VHz92us3gt_9_creative.jpg" />
<file href="scormcontent/assets/F7_UoChQ_raF89aK_8_creative.jpg" />
<file href="scormcontent/assets/eNHeQQ6vT1neeDlb_15_abstract.jpg" />
<file href="scormcontent/assets/rKdRHx-viddT95s0_34_creative.jpg" />
<file href="scormcontent/assets/qPfeQbk_EFuZsc1e_JFnzoWtEQHsakrJj.jpg" />
<file href="scormcontent/assets/H0C2GbWs9IltVtzM_10_misc.jpg" />
<file href="scormcontent/assets/ndbYad3kEPt2lpSq_12_creative.jpg" />
<file href="scormcontent/assets/qYNeldOeTAUTAEQK_quote_background.jpg" />
<file href="scormcontent/assets/q_DvU-W41ikGwwBt_9_insurance.jpg" />
<file href="scormcontent/assets/e6BOyWpZLp-0r-s9_mountains.jpg" />
<file href="scormcontent/assets/EbNWE2ezwWva8utl_12_misc.jpg" />
<file href="scormcontent/assets/5JR2NQ6S-mBUq5FV_43_abstract.jpg" />
<file href="scormcontent/assets/r51T-UmF4M5_wVHn_22_nature.jpg" />
<file href="scormcontent/assets/XIAniY5_xSiKowdJ_E-Vj6OFaQ7IDIkIe.jpg" />
<file href="scormcontent/assets/zcacIAs5wiLSR-X3_14_wfh.jpg" />
<file href="scormcontent/assets/kwmr_gsXMbIUAjtF_30_nature.jpg" />
<file href="scormcontent/assets/DyIeGH/See%20Me%20AZ%20-%20Safety%20Tips.pdf" />
<file href="scormcontent/assets/qIAaAv-Em69mh6Zy_15_abstract.jpg" />
<file href="scormcontent/assets/pOBHCWv3cBMRd7wu_example-header-image.jpg" />

    </resource>
  </resources>
</manifest>
