<?xml version="1.0" ?>
<manifest identifier="aE3_JsShVFU4EmiUGaPucGIGm7t5KDQsgq_6ywDC" version="1"
  xmlns="http://www.imsproject.org/xsd/imscp_rootv1p1p2"
  xmlns:adlcp="http://www.adlnet.org/xsd/adlcp_rootv1p2"
  xmlns:xsi="http://www.w3.org/2001/XMLSchema-instance"
  xsi:schemaLocation="http://www.imsproject.org/xsd/imscp_rootv1p1p2 imscp_rootv1p1p2.xsd
                      http://www.adlnet.org/xsd/adlcp_rootv1p2 adlcp_rootv1p2.xsd">
  <metadata>
    <schema>ADL SCORM</schema>
    <schemaversion>1.2</schemaversion>
    <adlcp:location>metadata.xml</adlcp:location>
  </metadata>
  <organizations default="articulate_rise">
      <organization identifier="articulate_rise">
      <title>ISSC General Information</title>
      <item identifier="i1" identifierref="r1" isvisible="true">
        <title>ISSC General Information</title>
        <adlcp:datafromlms>eyJjcHYiOiJncV82eXdEQyIsInJsZCI6ZmFsc2V9</adlcp:datafromlms>
      </item>
    </organization>
  </organizations>
  <resources>
    <resource identifier="r1" type="webcontent" adlcp:scormtype="sco" href="scormdriver/indexAPI.html">
      <!-- SCORMDRIVER STUFF -->
      <file href="scormdriver/indexAPI.html" />
      <file href="scormdriver/preloadIntegrity.js" />
      <file href="scormdriver/driverOptions.js" />
      <file href="scormdriver/AICCComm.html" />
      <file href="scormdriver/auto-scripts/AutoBookmark.js" />
      <file href="scormdriver/auto-scripts/AutoCompleteSCO.js" />
      <file href="scormdriver/auto-scripts/CourseExit.js" />
      <file href="scormdriver/blank.html" />
      <file href="scormdriver/goodbye.html" />
      <file href="scormdriver/scormdriver.js" />
      <file href="scormdriver/browsersniff.js" />

      <!-- RUNTIME COMMON STUFF -->
      <file href="scormcontent/index.html" />

      
        <file href="scormcontent/lib/fonts/icomoon.ttf"/>
        <file href="scormcontent/lib/fonts/icomoon.woff"/>

        <file href="scormcontent/lib/icomoon.css"/>
        <file href="scormcontent/lib/player-0.0.11.min.js"/>
        <file href="scormcontent/lib/lzwcompress.js"/>
      

      <!-- FRONTEND BUNDLE ASSETS -->
      <file href="scormcontent/lib/rise/a775029e.js" />
<file href="scormcontent/lib/rise/11732e6a.css" />
<file href="scormcontent/lib/rise/a8d5b75c.js" />
<file href="scormcontent/lib/rise/0e71f43d.css" />
<file href="scormcontent/lib/rise/7a265e78.js" />
<file href="scormcontent/lib/rise/eb9bd09f.js" />
<file href="scormcontent/lib/rise/20be7de8.js" />


      <!-- RUNTIME CONTENT STUFF -->
      <file href="scormcontent/lib/fonts/Lato-Black.woff" />
<file href="scormcontent/lib/fonts/Lato-Italic.woff" />
<file href="scormcontent/lib/fonts/Lato-Bold.woff" />
<file href="scormcontent/lib/fonts/Lato-Regular.woff" />
<file href="scormcontent/lib/fonts/Lato-Light.woff" />
<file href="scormcontent/lib/fonts/Merriweather-Black.woff" />
<file href="scormcontent/lib/fonts/Merriweather-Italic.woff" />
<file href="scormcontent/lib/fonts/Merriweather-Bold.woff" />
<file href="scormcontent/lib/fonts/Merriweather-Regular.woff" />
<file href="scormcontent/lib/fonts/Merriweather-Light.woff" />
<file href="scormcontent/assets/HWniDxB-5OPtIWXF_small.png" />
<file href="scormcontent/assets/eOL9OgC6HO-Ikn97_vw.jpg" />
<file href="scormcontent/assets/XFjc9TJp8HpkfZEs_l7xjVjGNJjqdM_Fy.jpg" />
<file href="scormcontent/assets/HqUqKnuiemhOFrro_hybFyG6sjEXTBFbx.jpg" />
<file href="scormcontent/assets/QgPq-bT1j6Z2tCxJ_YFs7pfBfJhXiDK1V.jpg" />
<file href="scormcontent/assets/Rdp3voQSXRVZua-N_SixwsI11jxwpPiZV.jpg" />
<file href="scormcontent/assets/dbYyY0ELionAj1JL_6uSrT6XhEyyHZYb2.jpg" />
<file href="scormcontent/assets/5IKVTbTqM2PdU_U-_S1JZoEdWrJNmBCMo.jpg" />
<file href="scormcontent/assets/Xe9cuXmuqsqrcITi_mountains.jpg" />
<file href="scormcontent/assets/G4vYwyfcuuRorHA7_2_creative.jpg" />
<file href="scormcontent/assets/7xcaXU8p44-61B_D_2_creative.jpg" />
<file href="scormcontent/assets/bz7Q1opn6RfaFhST_example-header-image.jpg" />

    </resource>
  </resources>
</manifest>
